,smiles
0,CCC(=O)O
1,C1CN(CCC1(C2=CC=C(C=C2)Cl)O)CCCC(=O)C3=CC=C(C=C3)F
2,CC(CC1=CC2=C(C=C1)OCO2)NC
3,C1=CC(=CC=C1/C=C/C2=CC(=CC(=C2)O)O)O
4,COC(=O)C1=CC=CC=C1C(=O)OC
5,C(C(C(=O)O)F)[NH3+].[Cl-]
6,CC(=O)NC1=CC=C(C=C1)OC(=O)C2=CC=CC=C2O
7,C(C(=O)[O-])C(CC(=O)[O-])(C(=O)[O-])O.N.[Fe+3]
8,C1=C2C(=CC(=C1Cl)S(=O)(=O)N)S(=O)(=O)N[C@@H](N2)C(Cl)Cl
9,CC(C(C(=O)O)N)O
10,C(=N)(N)N
11,CCCCCCCCCCCCCCCC(=O)NCCO
12,CC(CC(=O)O)O
13,C(C(=O)[O-])F
14,C1=CN(C(=O)NC1=O)C2C(C(C(O2)COP(=O)(O)O)O)O
15,C(CS)O
16,C=CC1=CC(=CC2=C1O/C(=C/3\C=CC(=O)C(=C3)F)/N2)O
17,C([C@@H](C(=O)O)N)OP(=O)(O)O
18,C([C@@H](C(=O)O)N)SO
19,C(CC(CC(=O)O)N)CN
20,[Mg+2]
21,C(CCl)N(CCCl)CCCl
22,COC1=C(C=CC(=C1)C=O)O
23,C1=CC(=C[N+](=C1)C2C(C(C(O2)COP(=O)(O)OP(=O)(O)OCC3C(C(C(O3)N4C=NC5=C4N=CN=C5N)OP(=O)(O)O)O)O)O)C(=O)N
24,CC(=O)NC(CCSC)C(=O)O
25,CC1=C(C(=CC=C1)Cl)NC(=O)C2=CN=C(S2)NC3=NC(=NC(=C3)N4CCN(CC4)CCO)C
26,CC1=CC(=NN1)NC2=NC(=NC3=CC=CC=C32)C4=CC=CC=C4
27,C1=CC(=CC=C1[N+](=O)[O-])O
28,C(CSCC(C(=O)O)N)C(C(=O)O)N
29,C1C2C(C(C(O2)N3C4=C(C(=NC=N4)N)N=C3Br)O)OP(=O)(O1)[O-]
30,C[C@]12CCC(=O)C(=C1CC[C@@H]3[C@@H]2CC[C@]4([C@H]3CCC4=O)C)O
31,[Zn]
32,C1=CC=C(C=C1)C2=CC(=O)C3=C(O2)C4=CC=CC=C4C=C3
33,C1CN(CCC1C2=CN(C3=C2C=C(C=C3)Cl)C4=CC=C(C=C4)F)CCN5CCNC5=O
34,CC(C)CC(C(=O)O)N
35,OP(=O)(O)OP(=O)(O)OP(=O)(O)O
36,CC(=O)[O-].CC(=O)[O-].[Pb+2]
37,CC1=C(N2C(C(C2=O)NC(=O)C(C3=CC=C(C=C3)O)N)SC1)C(=O)O
38,C1CC1(C(=O)O)N
39,C(C(CO)O)O
40,CC(=O)OCC[N+](C)(C)C
41,C1=CN(C(=O)NC1=O)[C@H]2[C@@H]([C@@H]([C@H](O2)COP(=O)(O)OP(=O)(O)O[C@@H]3[C@@H]([C@H]([C@@H]([C@H](O3)CO)O)O)O)O)O
42,C(CN)CO
43,C1=C(C=C(C(=C1I)OC2=CC(=C(C(=C2)I)O)I)I)CC(C(=O)O)N
44,CCC(C)C(=O)C(=O)O
45,C[C@@H](/C=C/C=C/C(C)C)C1=NC(=CS1)C2=NC(=CS2)/C=C/[C@@H]([C@@H](C)/C(=C\C(=O)N)/OC)OC
46,CC(=O)C1=C[N+](=CC=C1)C2C(C(C(O2)COP(=O)([O-])OP(=O)(O)OCC3C(C(C(O3)N4C=NC5=C4N=CN=C5N)O)O)O)O
47,C=C(CC(=O)O)C(=O)O
48,C[C@@H](C1=CC(=CC=C1)Cl)OC2=CC=CC3=C2C(=NC(=N3)N)N
49,CN1CCCCC1CCN2C3=CC=CC=C3SC4=C2C=C(C=C4)SC
50,CC1=CC=C(C=C1)N2C(=CC(=N2)C(C)(C)C)NC(=O)NC3=CC=C(C4=CC=CC=C43)OCCN5CCOCC5
51,C[C@H]1C[C@H]2[C@@H]3CC[C@@]([C@]3(C[C@@H]([C@@H]2[C@@]4(C1=CC(=O)C=C4)C)O)C)(C(=O)COC(=O)C)O
52,C1=CC=C2C(=C1)C3=NNC4=CC=CC(=C43)C2=O
53,C1=CN(C2=C1C(=NC=N2)N)[C@H]3[C@@H]([C@@H]([C@H](O3)CO)O)O
54,CCOC(=O)C1=C(N(N=C1C)C2=CC=C(C=C2)OC)C
55,C1=CC=C(C=C1)C(CCN)OC2=CC=C(C=C2)C(F)(F)F
56,C(C=O)O
57,C=CCCCCCCCCC(=O)O
58,COC1=C(C(=C(C=C1)F)F)C(=O)C2=CN=C(N=C2N)NC3CCN(CC3)S(=O)(=O)C
59,CC1=CN(C(=O)NC1=O)C2CCC(O2)CO
60,C1CC(OC1)N2C=NC3=C2N=CN=C3N
61,CC(C)OP(=O)(OC(C)C)F
62,CNCCC=C1C2=CC=CC=C2CCC3=CC=CC=C31
63,C1=CC(=C(C=C1N)O)C(=O)O
64,COC1=C(C=CC(=C1)C2=NNC(=O)C=C2)OC(F)F
65,C(CCN)CC(=O)O
66,C(CO)C(C(=O)O)N
67,C(CC(=O)O)[C@@H](C(=O)O)N
68,CC(CCO)O
69,CC(=O)O.CC(=O)O.O=[U]=O
70,CCCCCCCCCCC(=O)O
71,CCCCCC(C=CC1C(CC(=O)C1CC=CCCCC(=O)O)O)O
72,COC1=CC=C(C=C1)C(=O)O
73,C([C@@H]1[C@@H]([C@@H]([C@H]([C@@H](O1)O[C@H]([C@@H](CO)O)[C@@H]([C@H](C(=O)O)O)O)O)O)O)O
74,C1CC(=O)NC1C(=O)O
75,CC1CCC2(C3(CC4(C5(C(C(C3(C5(C2(C1O)O4)O)O)OC(=O)C6=CC=CN6)(C(C)C)O)C)O)C)O
76,CCNC(=O)C1=C(/C(=C/2\C=C(C(=CC2=O)O)Cl)/ON1)C3=CC=C(C=C3)OC
77,[O-2].[O-2].[O-2].[As+3].[As+3]
78,CC1=C(C(CCC1)(C)C)/C=C/C(=C/C=C/C(=C/C(=O)O)/C)/C
79,CCOC(=O)C1=C(N(N=C1C)C2=CC(=CC=C2)[N+](=O)[O-])C
80,CC1=C(C=C(C=C1)C(=O)NC2=CC(=CC(=C2)N3C=C(N=C3)C)C(F)(F)F)NC4=NC=CC(=N4)C5=CN=CC=C5
81,C(Br)(Br)Br
82,C1=NC2=C(C(=N1)N)N=CN2C3C(C(C(O3)COP(=O)(CP(=O)(O)O)O)O)O
83,C[C@]12CC[C@H]3[C@H]([C@@H]1CCC2=O)CCC4=CC(=O)C=C[C@]34C
84,C1=CC(=C(C=C1C2=CC=C(O2)/C=C\3/C(=O)N=C(S3)N)C(F)(F)F)S(=O)(=O)N
85,C1CC(=O)OC1
86,CC(=O)[O-].CC(=O)[O-].[Ni+2]
87,C[C@]12CC[C@H]3[C@H]([C@@H]1CC[C@]2(C#C)O)CCC4=C3C=CC(=C4)OC
88,C1COCCO1
89,C1CCC(CC1)C2=C3C(=NN2)C4=C(C3=O)C(=CC=C4)NC(=O)CN5CCC(CC5)CN
90,C1=CC=C2C(=C1)C3=CC=CC=C3C4=CC=CC=C24
91,C[C@@H](CC(C)(C)O)O
92,C(C1C(C(C(C(=O)O1)O)O)O)O
93,CC(C)CO
94,C1=CC(=CC=C1C[C@@H](C(=O)O)N)OP(=O)(O)O
95,CC(C)O
96,CCC(=O)C(=O)O
97,CC1=CN(C(=O)NC1=O)[C@H]2C[C@@H]([C@H](O2)CO)O
98,CC(C(C)O)O
99,C1(=C(C(=C(C(=C1Cl)Cl)Cl)Cl)Cl)Cl
100,CN1CCN2C(C1)C3=CC=CC=C3CC4=CC=CC=C42
101,C(C(C(C(C(C(=O)O)O)O)O)O)O
102,CC1(C2CCC(O1)(CC2)C)C
103,C1C[C@@H](NC1)C(=O)O
104,CC(C)C(C(=O)O)NC
105,C1=NC2=C(C(=N1)N)N=CN2[C@H]3[C@@H]([C@@H]([C@H](O3)COP(=O)(O)O)O)O
106,C(CO)C(CCO)(CCO)N
107,C([C@@H]1[C@H]([C@@H]([C@H]([C@H](O1)O[C@@H]2[C@H](O[C@H]([C@@H]([C@H]2O)O)O)CO)O)O)O)O
108,CCN(CCCNC1=C2C=C(C=CC2=NC3=C1C=CC(=C3)Cl)OC)CCCl.Cl.Cl
109,CCCCCCO
110,C1CN=C(N1)NC2=C(C=C(C=C2Cl)N)Cl
111,CC1=CC2=C(S1)C3=C(N2C)C(=O)N(N=C3)CC4=CC=CC=C4F
112,CC(C)C(CC(=O)O)(C(=O)O)O
113,C([C@@H](C(=O)O)N)S
114,CCCCCCCC
115,CN1CCN(CC1)CC/C=C\2/C3=CC=CC=C3SC4=C2C=C(C=C4)S(=O)(=O)N(C)C
116,C([C@H](C([C@H](CO)O)O)O)O
117,C(C(C(C(C(=O)CO)O)O)O)O
118,C1=CC(=CC=C1CP(=O)(C[C@@H](CCC(=O)O)C(=O)O)O)I
119,CC1=C(C=C(C=C1)NC(=O)C2=CC=C(C=C2)CN3CCN(CC3)C)NC4=NC=CC(=N4)C5=CN=CC=C5
120,CN(C)CCCN1C2=CC=CC=C2SC3=C1C=C(C=C3)Cl
121,C1=NC2=C(C(=N1)N)N=CN2[C@H]3[C@@H]([C@@H]([C@H](O3)COP(=O)(O)OP(=O)(O)OP(=O)(O)O)O)O
122,CC(C)C1=CC=CC=C1
123,CN(C)CCCC1(C2=C(CO1)C=C(C=C2)C#N)C3=CC=C(C=C3)F
124,CCCC(CCC)C(=O)O
125,C1=CC=C2C(=C1)C=CC(=C2O)C(=O)O
126,C([C@@H]1[C@H]([C@@H]([C@H](C(=O)O1)O)O)O)O
127,C1=CC=C(C=C1)CC(C(=O)O)N
128,CC1=NC=C(C(=C1O)CN)COP(=O)(O)O
129,CC1=C(N=C2C=CC(=CC2=C1C(=O)O)F)C3=CC=C(C=C3)C4=CC=CC=C4F
130,C(CSSC[C@@H](C(=O)O)N)O
131,C1=C(C(=O)NC(=O)N1C[C@@H](C(=O)O)N)F
132,C1=CC(=CC=C1C(C(=O)O)O)O
133,C(C1C(C(C(O1)O)O)O)O
134,CSCC1C(C(C(O1)N2C=NC3=C2N=CN=C3N)O)O
135,C1CCC(CC1)N
136,CCCCCCCCCCCCCCCCO
137,COC(=O)C(C1CCCCN1)C2=CC=CC=C2
138,CC(C)C(C(C)(C)CO)O
139,C1=CC=C2C(=C1)C=CC=C2NC(=O)CF
140,C(C1C(C(C(C(O1)O)O)O)O)O
141,C(C=O)Cl
142,C(C1C(C(C(C(O1)OC2C(OC(C(C2O)O)OC3C(OC(C(C3O)O)O)CO)CO)O)O)O)O
143,CCCCCCCCCCCCCCCC(=O)O
144,C1CC(NC1)C(=O)O
145,C1CN[C@@H]1C(=O)O
146,C[C@@H](C1=CC=CC=C1)NC2=NC=CC(=N2)C3=C(N=C(N3C)C4CCNCC4)C5=CC(=CC=C5)C(F)(F)F
147,CCC(C)C(=O)O
148,C(CO)O
149,C[C@]12CCC(=O)C=C1CC[C@@H]3[C@@H]2CC[C@]4([C@H]3CCC4=O)C
150,C1=NC2=C(C(=N1)N)N=CN2C3C(C(C(O3)COP(=O)(O)OP(=O)(O)OP(=O)(O)O)O)O
151,C[C@]12CC[C@@H](C[C@H]1CCC3C2CC[C@]4([C@@]3(CCC4C5=CC(=O)OC5)O)C)O
152,C1=CSC(=C1)C[C@@H](C(=O)O)N
153,C1CN(CCC1N2C3=CC=CC=C3NC2=O)CCCC(C4=CC=C(C=C4)F)C5=CC=C(C=C5)F
154,C(C1C(C(C(C(O1)O)O)O)O)OP(=O)(O)O
155,CC(C(=O)O)N
156,CC1=CC=CC2=C1C(=O)N(C2=O)C3=C(C=CC(=C3)C4=CC=CC=C4)O
157,C(C(C(C(=O)CO)O)O)O
158,C1[C@H](CN[C@@H]1C(=O)O)O
159,C(CC(=O)C(=O)O)CC(=O)O
160,C1C(=O)NCC(=O)N1
161,C[C@]12CC[C@H]3[C@H]([C@@H]1C[C@H]([C@@H]2O)O)CCC4=C3C=CC(=C4)O
162,C1=NC2=C(C(=N1)N)N=CN2[C@H]3[C@@H]([C@@H]([C@H](O3)CSCCC(C(=O)O)N)O)O
163,C(CN)C(C(=O)O)N
164,CC(CC1=CC(=C(C=C1)O)O)C(C)CC2=CC(=C(C=C2)O)O
165,C1CNCCC1C2=CC3=C(CCC(=O)N3C4=C(C=CC=C4Cl)Cl)C(=C2)C5=C(C=C(C=C5)F)F
166,CC(CC1=CC=C(C=C1)Cl)N
167,C1=CC=C(C=C1)CC(=O)NC(=O)N
168,C1=CC(=C(C=C1N)C(=O)O)O
169,CC(C)[C@@H](C(=O)N1CCCC1)N
170,CN(C)CCOC(C1=CC=C(C=C1)Cl)C2=CC=CC=N2
171,C1=CC(=CC(=C1)[N+](=O)[O-])[N+](=O)[O-]
172,CNC(=O)C1=NC=CC(=C1)OC2=CC=C(C=C2)NC(=O)NC3=CC(=C(C=C3)Cl)C(F)(F)F
173,COC1=C(C=CC(=C1)C(C(=O)O)O)O
174,CCCCCCCCCCCCO
175,CS(=O)(=O)C1=CC=CC(=C1)NC2=NC=CC(=N2)NC3=C(C=CC4=C3OCO4)Cl
176,C1=NC2=C(C(=N1)N)N=CN2C3C(C(C(O3)COP(=O)(O)O)O)O
177,CC(=O)N[C@@H]1[C@H]([C@H]([C@H](O[C@H]1O)CO)O)O
178,CCNC(C)CC1=CC(=CC=C1)C(F)(F)F
179,C1=NC2=C(C(=N1)N)N=CN2C3C(C(C(O3)COP(=O)(O)OP(=O)(O)OCC4C(C(C(O4)O)O)O)O)O
180,CCCCCCCCCCCCCCCCCCCCCC(=O)O
181,CC(C(=O)O)C(CC(=O)O)(C(=O)O)O
182,CC(=O)NC1C(C(C(OC1O)CO)O)O
183,C1CCC(C1)(C(=O)O)N
184,C1COCCN1C2=CC(=CC=C2)NC3=NC=CC(=N3)NC4=C(C=CC5=C4OCO5)Cl
185,C1=CC=C2C=C(C(=CC2=C1)C(=O)O)O
186,CC1(CCC=[N+]1[O-])C
187,C(CC(=O)O)C(=O)C(=O)O
188,CC1(COC(C(C1NC)O)OC2C(CC(C(C2O)OC3C(C(C(C(O3)CN)O)O)O)N)NC(=O)C(CN)O)O
189,C1=CC(=CC=C1CC2=CC=C(C=C2)OP(=O)(O)O)OP(=O)(O)O
190,C1[C@H]([C@@H]([C@H]([C@@H]([C@H]1N)O[C@@H]2[C@@H]([C@H]([C@@H]([C@H](O2)CN)O)O)N)O[C@H]3[C@@H]([C@@H]([C@H](O3)CO)O[C@@H]4[C@@H]([C@H]([C@@H]([C@@H](O4)CN)O)O)N)O)O)N
191,C(C(F)(F)F)O
192,C(CCC(=O)O)CC(=O)O
193,C(CCO)CO
194,C(C(C(=O)O)O)(C(=O)O)O
195,C1C(=O)NS(=O)(=O)N1C2=CC=CC=C2
196,B
197,C1=CC(=CC=C1CCN)S(=O)(=O)F
198,COCCCCCCCCCCCC(=O)O
199,C1CNC[C@H]([C@@H]1C2=CC=C(C=C2)F)COC3=CC4=C(C=C3)OCO4
200,C1=CC(=CC=C1C(=N)N)OCCCCCOC2=CC=C(C=C2)C(=N)N
201,CN(C)CCOC(=O)COC1=CC=C(C=C1)Cl
202,CC1C(C(C(C(O1)OP(=O)(O)OP(=O)(O)OCC2C(C(C(O2)N3C=NC4=C3NC(=NC4=O)N)O)O)O)O)O
203,C1=C(C=C(C(=C1I)OC2=CC(=C(C(=C2)I)O)I)I)C[C@@H](C(=O)O)N
204,CC(C)NCC(COC1=CC=C(C=C1)CCOC)O
205,CCN(CC)CCNC(=O)C1=C(NC(=C1C)/C=C\2/C3=C(C=CC(=C3)F)NC2=O)C
206,CC1=CC=CC=C1NC(=NC2=CC=CC=C2C)N
207,C1C2=C(C(=CC=C2)O)C(=O)C3=C1C=CC=C3O
208,C1=CC(=C(C(=C1)F)NC(=S)N2C(=NC(=N2)NC3=CC=C(C=C3)S(=O)(=O)N)N)F
209,C1=CC(=C(C(=C1)F)C2=CC=C(C=C2)C(=O)O)F
210,C[C@]12CC[C@H]3[C@H]([C@@H]1CC[C@]2(C)O)CCC4=CC(=O)C=C[C@]34C
211,CC(C(=O)O)(Cl)Cl
212,C1=CC=C2C=NC=CC2=C1
213,C[C@]12CC[C@H]3[C@H]([C@@H]1CC[C@]2(C#C)O)CCC4=C3C=CC(=C4)O
214,C1=CC(=CC(=C1)N)C(=O)O
215,C1=CC(=CC=C1Cl)Cl
216,CCNC(=O)C1C(C(C(O1)N2C=NC3=C2N=C(N=C3N)NCCC4=CC=C(C=C4)CCC(=O)O)O)O
217,CCCCCCCCO
218,CSCCC(C(=O)O)NC=O
219,COC1=CC=CC(=C1)C2=NC3=C(C=CC=C3N2)C(=O)N
220,CCCOC1=C2C(=CNC2=NC=C1)C3=NC(=NC=C3)N
221,C(CC(=O)[O-])C(=O)[O-].[Na+].[Na+]
222,CC(CC1=CC=CC=C1)N(C)CC#C
223,CC(C)(C)C1=NC2=C(N1)C3=C(C=C(C=C3)F)C4=C2C=CNC4=O
224,CC(C)(COP(=O)(O)OP(=O)(O)OCC1C(C(C(O1)N2C=NC3=C2N=CN=C3N)O)OP(=O)(O)O)C(C(=O)NCCC(=O)NCCSC(=O)CC(C(=O)O)O)O
225,CCC(C)OC(=O)C
226,C1CCN(CC1)CCOC2=CC=C(C=C2)C3=CN4C(=C(C=N4)C5=CC=NC=C5)N=C3
227,CC(=O)NC1=CC=CC=C1
228,C(CC(=O)N[C@@H](CS)C(=O)NCC(=O)O)[C@@H](C(=O)O)N
229,CCCCN1C(=NC2=C1N=C(N=C2N)F)CC3=CC4=C(C=C3)OCO4
230,CCC(C(=O)O)N
231,C[C@@]1(C(=O)N2[C@H](C(=O)N3CCC[C@H]3[C@@]2(O1)O)CC4=CC=CC=C4)NC(=O)[C@H]5CN([C@@H]6CC7=CNC8=CC=CC(=C78)C6=C5)C
232,C1=CC(=CC=C1OCC(CO)O)Cl
233,CC1=NN(C2=C1C(=O)C3=C(N2O)C=CC(=C3)Cl)C
234,CN(C)CC(=O)O
235,C1=C(C(=CC2=NC(=O)C(=O)N=C21)[N+](=O)[O-])[N+](=O)[O-]
236,C(CCC(=O)N)CC(CCS)S
237,CC(C)NCCO
238,[OH-].[K+]
239,CCCCCCCO
240,CCCS(=O)(=O)NC1=C(C(=C(C=C1)F)C(=O)C2=CNC3=NC=C(C=C23)Cl)F
241,C[C@H](CO)O
242,CC/C=C\C/C=C\C/C=C\C/C=C\C=C\[C@@H](CCCC(=O)O)O
243,CCCCCCC(=O)O[C@H]1CC[C@@H]2[C@@]1(CC[C@H]3[C@H]2CCC4=CC(=O)CC[C@]34C)C
244,CC(C)[C@@H](C(=O)O)N
245,C1CCN(CC1)CCOC2=CC=C(C=C2)C(=O)C3=C(SC4=C3C=CC(=C4)O)C5=CC=C(C=C5)O
246,C1CC2=C(C1)N(C(=O)NC2=O)C[C@@H](C(=O)O)N
247,C(COCCOCCO)O
248,CNCCC(C1=CC=CC=C1)OC2=CC=C(C=C2)C(F)(F)F
249,C1CN(CCN1)C2=CC3=C(CNC(=O)N3C4=C(C=CC=C4Cl)Cl)C(=C2)C5=C(C=C(C=C5)F)F
250,C1C2CC3CC1CC(C2)(C3)N
251,CCCN1C[C@@H](C[C@H]2[C@H]1CC3=CNC4=CC=CC2=C34)CSC
252,C(CC(C(=O)O)N)CC(C(=O)O)N
253,CC12CCC3C(C1CCC2=O)CCC4=C3C=CC(=C4)OS(=O)(=O)O
254,CC1=CC2=C(C=C1C)N(C3=NC(=O)NC(=O)C3=N2)C[C@@H]([C@@H]([C@@H](COP(=O)(O)OP(=O)(O)OC[C@@H]4[C@H]([C@H]([C@@H](O4)N5C=NC6=C5N=CN=C6N)O)O)O)O)O
255,C1=CC(=CC2=NC3=C(C=CC(=C3)N)C=C21)N
256,CC1(C(=O)NC2=C(O1)C=CC(=N2)NC3=NC(=NC=C3F)NC4=CC(=C(C(=C4)OC)OC)OC)C
257,CC(C)(C)NS(=O)(=O)C1=CC=C(C=C1)C2=CN=C3C=CC=C(C3=C2)NC4=CC=CC=N4
258,C1=CC(=C(C=C1F)F)C(CN2C=NC=N2)(CN3C=NC=N3)O
259,C(=O)(C(=O)O)O
260,CCNC1=CC=CC=C1
261,C1(C(C(C(C(C1OP(=O)(O)O)OP(=O)(O)O)OP(=O)(O)O)OP(=O)(O)O)OP(=O)(O)O)O
262,C(C(C(=O)O)N)O
263,COCCOC1=C(C=C2C(=C1)C(=NC=N2)NC3=CC=CC(=C3)C#C)OCCOC
264,C1=CC(=C(C=C1I)F)NC2=C(C=CC(=C2F)F)C(=O)NOC[C@@H](CO)O
265,CC1=CC=C(C=C1)C(=O)C(C)CN2CCCCC2
266,CCCCCCCCCC=O
267,C1COCCN1C2=CC(=CC(=C2)C(=O)NC3=CC4=C(C=C3)NC=C4)F
268,C[C@]12CC[C@H]3[C@H]([C@@H]1CCC2=O)CC=C4[C@@]3(CC[C@@H](C4)O)C
269,CN1CCN(CC1)C2=C3C=CC=CC3=NC4=C(N2)C=C(C=C4)Cl
270,C([C@@H](C(=O)O)N)S(=O)(=O)O
271,CC[C@@H](CO)NC(=O)[C@H]1CN([C@@H]2CC3=CNC4=CC=CC(=C34)C2=C1)C
272,C(CO)NN
273,CC(C)(C)C1=CC(=C(C=C1)O)O
274,CC(C)(C)C1=CC(=NN1)NC(=O)NC2=CC(=C(C=C2)Cl)COC3=CN=CC=C3
275,CC(C)(COP(=O)(O)OP(=O)(O)OCC1C(C(C(O1)N2C=NC3=C2N=CN=C3N)O)OP(=O)(O)O)C(C(=O)NCCC(=O)NCCSC(=O)C=CCC(=O)O)O
276,CN1CCN(CC1)CCCN2C3=CC=CC=C3SC4=C2C=C(C=C4)Cl
277,C1=CC=C2C(=C1)C(=CN2)C(C(COP(=O)(O)O)O)O
278,C1=CC2=C(/C(=C/3\C4=C(C=C(C=C4)Br)NC3=O)/N=C2C=C1)NO
279,CSC1=NC=NC2=C1N=CN2[C@H]3[C@@H]([C@@H]([C@H](O3)CO)O)O
280,C[C@]12CC[C@H]3[C@H]([C@@H]1CC[C@@H]2O)CCC4=CC(=O)CC[C@]34C
281,C1=NC2=C(C(=N1)N)N=CN2C3C(C(C(O3)CO)O)O
282,COC(=O)C1=CC(=C(C(=C1)O)O)O
283,C1C[C@@H]([C@H](C[C@H]1N2CCN3C(=NN=C3C(F)(F)F)C2)N)C4=CC(=C(C=C4F)F)F
284,CN1C=NC=C1[C@@H](C2=CC=C(C=C2)C#N)OCC3=C(C=C(C(=N3)Cl)C#N)C4=CC(=CC=C4)Cl
285,C1[C@H]2[C@@H]([C@@H](S1)CCCCC=O)NC(=O)N2
286,CC(CCCN)(C(=O)O)N
287,CCC1=CC(=C(C=C1OC)CC(C)N)OC
288,CN(C)CCC=C1C2=CC=CC=C2CCC3=CC=CC=C31
289,C(=O)(N)NN
290,CC(C1CCC(C(O1)OC2C(CC(C(C2O)OC3C(C(C(CO3)(C)O)NC)O)N)N)N)NC
291,C1=CC(=C(N=C1)C(=O)O)C(=O)O
292,CCN(CC)CCNC(=O)C1=C(NC(=C1C)/C=C\2/C3=C(C=CC(=C3)Cl)NC2=O)C
293,C/C=C/C=O
294,CC(=O)O.C[Hg]
295,C(=O)(C(=O)[O-])N.[Na+]
296,CCCCCCCCCCCCCC(=O)OC(C)C
297,C1=C(C(=O)NC(=O)N1C[C@@H](C(=O)O)N)I
298,C1=CC2=C(C=CC(=C2)C(=O)O)C=C1C(=O)O
299,C(CC(=O)O)C(C(=O)O)N
300,C1CC(OC1)N2C=C(C(=O)NC2=O)F
301,CC(=O)[O-]
302,CC(C(=O)C)O
303,C1CCC2(C1)CC(=O)N(C(=O)C2)CCCCN3CCN(CC3)C4=NC=CC=N4
304,CN(C)CC(C1=CC=C(C=C1)OC)C2(CCCCC2)O
305,[O-]S(=O)(=O)[O-]
306,C[C@]12CC[C@H]3[C@H]([C@@H]1CCC2=O)CCC4=C3C=CC(=C4)O
307,CC(COC1=CC=CC=C1)N(CCCl)CC2=CC=CC=C2
308,C(C(C(CO)O)O)O
309,C1C=CN(C=C1C(=O)N)[C@H]2[C@@H]([C@@H]([C@H](O2)COP(=O)(O)OP(=O)(O)OC[C@@H]3[C@H]([C@H]([C@@H](O3)N4C=NC5=C4N=CN=C5N)O)O)O)O
310,CCC(C(=O)C)(C(=O)O)O
311,CCCCCCCCCCCCCCCC(=O)OCC(COC(=O)CCCCCCCCCCCCCCC)OC(=O)CCCCCCCCCCCCCCC
312,CCC(C)C(C(=O)O)N
313,C1CN(CCN1C/C=C/C2=CC=CC=C2)C(C3=CC=CC=C3)C4=CC=CC=C4
314,C1CN(CCC12C(=O)NCN2C3=CC=CC=C3)CCCC(C4=CC=C(C=C4)F)C5=CC=C(C=C5)F
315,CC(=O)CC(=O)CCC(=O)O
316,O.O.O.[Co]
317,CCNC1CC(S(=O)(=O)C2=C1C=C(S2)S(=O)(=O)N)C
318,CC[C@@H]1[C@@]([C@@H]([C@H](C(=O)[C@@H](C[C@@]([C@@H]([C@H]([C@@H]([C@H](C(=O)O1)C)O[C@H]2C[C@@]([C@H]([C@@H](O2)C)O)(C)OC)C)O[C@H]3[C@@H]([C@H](C[C@H](O3)C)N(C)C)O)(C)O)C)C)O)(C)O
319,C1CN(CCC1C2=CC=CC=C2)C3=CC=C(C=C3)S(=O)(=O)NCC(=O)O
320,CC[C@H](C)[C@@H](C(=O)O)N
321,COC1=C(C=C2C(=C1)C(=NC=N2)NC3=C(C=CC4=C3OCO4)Cl)OCCCN5CCCCC5
322,C[C@]12CC[C@H]3[C@H]([C@@H]1CC[C@@H]2O)CCC4=CC(=O)CC[C@H]34
323,C[C@@]1(C(=O)N2[C@H](C(=O)N3CCC[C@H]3[C@@]2(O1)O)CC4=CC=CC=C4)NC(=O)[C@@H]5C[C@H]6[C@@H](CC7=CNC8=CC=CC6=C78)N(C5)C
324,C1=C(NC=N1)CC(CO)N
325,CC(C)(C)OC(=O)[C@H](CCC(=O)N)N
326,CC(C)NCC(COC1=CC=C(C=C1)CCOCC2CC2)O
327,CC(CN1C2=CC=CC=C2SC3=CC=CC=C31)N(C)C
328,C1=NC2=C(C(=N1)N)N=CN2[C@H]3[C@@H]([C@@H]([C@H](O3)CO)O)O
329,C1=CC(=C(C=C1CCN)O)O
330,C1[C@@H]([C@H]([C@@H](CN1CCCC2=CC=CC=C2)O)O)CO
331,CCC(C)N1C(=O)C(=C(NC1=O)C)Br
332,CCCCCCCC(=O)O
333,C(C(=O)C(=O)O)O
334,C1[C@@H]([C@H](O[C@H]1N2C=C(C(=O)NC2=O)F)CO)O
335,CC1=C(C=CC=[N+]1CC2=CN=C(N=C2N)C)CCOP(=O)(O)OP(=O)(O)O
336,CC1=CC(=C(C(=C1CC2=NCCN2)C)O)C(C)(C)C
337,C[C@H]([C@@H](C(=O)O)N)O
338,CC(C(=O)O)O
339,CS(=O)(=O)OCCCCOS(=O)(=O)C
340,CC(C[N+](C)(C)C)OC(=O)C
341,CN(C)CCCN1C2=CC=CC=C2CCC3=C1C=C(C=C3)Cl
342,CCCNCCC
343,C(C(=O)C(=O)O)C(=O)O
344,CC(C)I
345,C1=CC2=C(C=CN=C2)C(=C1)S(=O)(=O)NCCNC/C=C/C3=CC=C(C=C3)Br
346,COC(=O)CCC(=O)OC
347,CC(C)N1CCN(CC1)C2=CC=C(C=C2)OC[C@H]3CO[C@](O3)(CN4C=NC=N4)C5=C(C=C(C=C5)Cl)Cl
348,C1=NC2=C(N1COCCO)NC(=NC2=O)N
349,CC(=O)N[C@@H](CC1=CC=CC=C1)C(=O)N[C@@H](CC2=CC=C(C=C2)C(F)(F)P(=O)(O)O)C(=O)N
350,CC(CNCC(C)O)O
351,CC1=CC(=O)OC2=C1C=CC(=C2)N
352,C1=CC(=CC=C1NC2=NC=NC(=C2)N)S(=O)(=O)N
353,C1[C@@H]([C@H](O[C@H]1N2C=NC3=C2N=CN=C3N)COP(=O)(O)O)O
354,C1=CC=C2C(=C1)NC(=N2)NCC3=CC=C(S3)C4=CSC(=N4)N=C(N)N
355,CCC(=C)C(=O)C1=C(C(=C(C=C1)OCC(=O)O)Cl)Cl
356,C1CC1CN2C=NC(=C2C3=CC=NC=C3)C4=CC=C(C=C4)F
357,C([C@@H]([C@@H]([C@H]([C@H](C(=O)O)O)O)O)O)O.C([C@@H]([C@@H]([C@H]([C@H](C(=O)O)O)O)O)O)O.[Fe]
358,CNC(=O)C1=CC=CC=C1NC2=NC(=NC=C2Cl)NC3=C(C=C(C=C3)N4CCOCC4)OC
359,C([C@@H](C(=O)O)N)N1C(=O)NC(=O)O1
360,CC(CC=O)O
361,C#CCO
362,CN1CCN(CC1)C(C2=CC=CC=C2)C3=CC=CC=C3
363,CN(C)CCC(C1=CC=C(C=C1)Br)C2=CC=CC=N2
364,CC(C)(C)C1=C(C(=NS1)[O-])C[C@@H](C(=O)O)[NH3+]
365,CCCCCCCCCCCCCCCCCC(=O)OC[C@H](COP(=O)(O)OCC(COP(=O)(O)OC[C@@H](COC(=O)CCCCCCCCCCCCCCCCC)OC(=O)CCCCCCCCCCCCCCCCC)O)OC(=O)CCCCCCCCCCCCCCCCC
366,CSCCC(C(=O)O)N
367,COC1=CC=C(C=C1)C(=O)N2CCCC2=O
368,C(=O)(C(C(C(C(C(C(C(F)(F)F)(F)F)(F)F)(F)F)(F)F)(F)F)(F)F)O
369,C1=CC=C(C(=C1)O)Cl
370,CN1CCN(CC1)C2=NC3=CC=CC=C3OC4=C2C=C(C=C4)Cl
371,C[C@]12CC[C@@H](C([C@@H]1CC[C@@]3([C@@H]2CC=C4[C@]3(CC[C@@]5([C@H]4CC(CC5)(C)C)C(=O)O)C)C)(C)C)O
372,CC(=O)CO
373,CCCCCN(C)CCC(O)(P(=O)(O)O)P(=O)(O)O
374,CC1=C2C=CN(C2=CC=C1)[C@H]3C[C@@H]([C@H](O3)COP(=O)(O)O)O
375,C(=O)(C(C(C(F)(F)F)(F)F)(F)F)O
376,CN1CCN(CC1)C2=CC=C(C=C2)C(=O)NC3=NNC4=CN(C=C43)C(=O)CC5=CC=CS5
377,CC(C)C1=C(C(=CC=C1)C(C)C)O
378,CC(=O)C=O
379,CC(CC1=CC=CC=C1)NC2=NC=NC3=C2N=CN3C4C(C(C(O4)CO)O)O
380,C1=C(C(=O)NC(=O)N1)C2C(C(C(O2)COP(=O)(O)O)O)O
381,CCCC(C(=O)O)N
382,C#CC(CCC(=O)O)N
383,C1CC1NC2=NC=CC(=N2)C3=C4C=CC=NN4N=C3
384,CS(=O)(=O)C1=CC2=C(C=C1)N3C[C@@H]([C@H](CC3=N2)C4=CC(=C(C=C4F)F)F)N
385,CC(CN)O
386,CC(C)C[C@@H](CC(=O)O)CN
387,CCCCC(C(=O)O)N
388,C1=C2C(=CC(=C1Cl)Cl)N(C=N2)[C@H]3[C@@H]([C@@H]([C@H](O3)CO)O)O
389,COC1=CC=C(C=C1)NC2=C(C(=O)N(C2=O)CC3=CC=CC=C3)C4=CC=CC=C4
390,CC(C(C1=CC=C(C=C1)O)O)N2CCC(CC2)CC3=CC=CC=C3
391,CCC(C(=O)O)O
392,C(C(C(=O)O)N)C(=O)O
393,C1=CC=C(C=C1)NC(=O)CCCCCCC(=O)NO
394,C1=CC2=C(C=C1C(=[NH2+])N)NC(=N2)C(=O)C3=NC4=C(N3)C=C(C=C4)C(=[NH2+])N
395,C1=NC(=O)C2=C(N1)N(C=N2)C3C(C(C(O3)COP(=O)(O)O)O)O
396,C[C@@H](C1=CC=CN1)C2=C3C=C(C=CC3=NC2=O)NC(=O)N
397,CC(C)(COP(=O)(O)OP(=O)(O)OC[C@@H]1[C@H]([C@H]([C@@H](O1)N2C=NC3=C2N=CN=C3N)O)OP(=O)(O)O)C(C(=O)NCCC(=O)NCCSC(=O)CC(=O)O)O
398,C[C@@H](/C=C(\C)/C=C/[C@@H]([C@H](C)C(=O)O)N)[C@H](CC1=CC=CC=C1)OC
399,C([C@@H](C(=O)O)N)SS
400,CN(C)C1=NC=NC2=C1N=CN2[C@H]3[C@@H]([C@@H]([C@H](O3)CO)N)O
401,C1=NC2=C(C(=N1)N)N=CN2C3C(C(C(O3)COP(=O)(O)OP(=O)(O)O)O)O
402,C1CC(=O)NC2=C1C=CC(=C2)OCCCCN3CCN(CC3)C4=C(C(=CC=C4)Cl)Cl
403,C1CN=C(N1)NC2=C(C=CC=C2Cl)Cl
404,C1C(=NO[C@@]12[C@@H]([C@H]([C@@H]([C@H](O2)CO)O)O)O)C3=CC=CC=C3
405,CCCCCCC(=O)O
406,C[C@]12CCC(=O)C=C1CC[C@@H]3[C@@H]2CC[C@]4([C@H]3CC[C@]4(C)O)C
407,C(C(=O)O)N
408,C(C(C(C(C(=O)C(=O)O)O)O)O)O
409,C1=CC=C(C(=C1)C(=O)O)N
410,CCCCCO
411,CCO[C@@H](CC1=CC2=C(C=C1)N(C=C2)CC3=C(OC(=N3)C4=CC=CC=C4Cl)C)C(=O)O
412,CCCCCCCCCCCCCCO
413,C1=NC2=C(N1[C@H]3[C@@H]([C@@H]([C@H](O3)CO)O)O)N=C(N=C2N)F
414,CC1=CC=CC2=C1CCNC2=O
415,C[S+](C)CCC(C(=O)O)N
416,C(C(F)(F)F)Cl
417,C1=CC=C(C=C1)CC(=O)N
418,CCCCCCCO[C@H]1[C@@H]([C@H]([C@@H]([C@H](O1)CO)O)O)O
419,C[C@@H]1CC(=O)[C@]2([C@@H](O1)O[C@@H]3[C@H]([C@@H]([C@@H]([C@@H]([C@H]3O2)NC)O)NC)O)O
420,C1=CC=C(C=C1)COC=O
421,CS(=O)C
422,C(C(C(=O)O)S)(C(=O)O)S
423,C[C@@]1(CCCN1)C2=NC3=C(C=CC=C3N2)C(=O)N
424,CNCCCC1C2=CC=CC=C2C=CC3=CC=CC=C13
425,CC1=C(N=CN1)CN2CCC3=C(C2=O)C4=CC=CC=C4N3C
426,CC(=O)[O-].CC(=O)[O-].[Cu+2]
427,C1CC(=O)N[C@H]1COC2=NC(=NC3=C2NC=N3)N
428,C[S+](CCC(C(=O)O)N)CC1C(C(C(O1)N2C=NC3=C2N=CN=C3N)O)O
429,C1=CC=C2C(=C1)C(=CN2)C[C@@H](C(=O)O)N
430,C1CCC(=O)CC2=C(C(=CC(=C2Cl)O)O)C(=O)OCC/C=C/C1
431,CCCCCCC(C(C)O)N1C=NC2=C1N=CN=C2N
432,CN1CCN2C(C1)C3=CC=CC=C3CC4=C2N=CC=C4
433,C1=CC(=CC=C1C(=O)O)F
434,C[C@H](CCCC(C)(C)O)[C@H]1CC[C@@H]2[C@@]1(CC[C@H]3[C@H]2CC=C4[C@@]3(CC[C@@H](C4)O)C)C
435,C1=CC=C(C=C1)C=O
436,CN(C)CCC=C1C2=CC=CC=C2COC3=CC=CC=C31
437,C1CN(CCC1N2C3=C(C=C(C=C3)Cl)NC2=O)CCCN4C5=CC=CC=C5NC4=O
438,CC1=C(C(=O)N2CCCCC2=N1)CCN3CCC(CC3)C4=NOC5=C4C=CC(=C5)F
439,C[C@H](/C=C(\C)/C=C/C(=O)NO)C(=O)C1=CC=C(C=C1)N(C)C
440,CC(C)C(=O)O
441,CC(C(=O)CCCCCC(=O)O)N
442,C=O
443,CN1CC(=O)N2[C@@H](C1=O)CC3=C([C@H]2C4=CC5=C(C=C4)OCO5)NC6=CC=CC=C36
444,C1=CC(=C(C(=C1)Cl)C2=C3C=CC(=NN3C=NC2=O)SC4=C(C=C(C=C4)F)F)Cl
445,CCCCC(CC)C(=O)[O-].CCCCC(CC)C(=O)[O-].[Sn+2]
446,C[C@H]1C[C@H]2[C@@H]3CC[C@@]([C@]3(C[C@@H]([C@@H]2[C@@]4(C1=CC(=O)C=C4)C)O)C)(C(=O)CO)O
447,C1=C(C=C(C(=C1I)O)C(=O)O)I
448,CC(C)CCC(=O)O
449,C1=CC=C2C=C(C=CC2=C1)C3=CN=C4C(=C3)C(=CN4)C5=CC=C(C=C5)CC(=O)O
450,C([C@@H](C(=O)O)N)SCC(=O)O
451,CC(C)[N+]1(C2CCC1CC(C2)OC(=O)C(CO)C3=CC=CC=C3)C
452,CCN1CCCC1CNC(=O)C2=CC(=C(C=C2OC)N)S(=O)(=O)CC
453,C(=O)(C(=O)[O-])[O-].[Na+].[Na+]
454,C1=CC=C(C=C1)[C@@H](CC2=CC(=C(C=C2)C(F)(F)P(=O)(O)O)Br)C(=O)C3=CC=CC=C3
455,C(=O)C(=O)O
456,CC/C(=C(/CC)\C1=CC=C(C=C1)O)/C2=CC=C(C=C2)O
457,CC(CC(C)(C)O)O
458,CC(C)CC(=O)SCCNC(=O)CCNC(=O)C(C(C)(C)COP(=O)(O)OP(=O)(O)OCC1C(C(C(O1)N2C=NC3=C2N=CN=C3N)O)OP(=O)(O)O)O
459,C/C=C(\C)/CC/C=C(\C)/CC/C=C(\C)/CCC=C(C)C
460,CCCCCCCCCCCCCC(=O)SCCNC(=O)CCNC(=O)C(C(C)(C)COP(=O)(O)OP(=O)(O)OCC1C(C(C(O1)N2C=NC3=C2N=CN=C3N)O)OP(=O)(O)O)O
461,CCCCCCCCCCCC(=O)O
462,C[C@@H]([C@H](C(=O)O)N)C(=O)O
463,CC(=CCC/C(=C/CC/C(=C/COP(=O)(O)OP(=O)(O)O)/C)/C)C
464,C(C(=O)CO)O
465,CN1C2=NC(=NC=C2C=C(C1=O)C3=C(C=CC=C3Cl)Cl)NC4=CC(=CC=C4)SC
466,C[C@H]1[C@@H](C[C@H](O1)C[N+](C)(C)C)O
467,C1=CC=C(C=C1)C[C@@H](C(=O)O)N
468,C(CCCN)CCCNC(N)N
469,C1=CN=C2C(=N1)C=NC=N2
470,CC1=C2C=C(C=CC2=NN1)C3=CC(=CN=C3)OC[C@H](CC4=CC=CC=C4)N
471,C(C(=O)O)C(=O)O
472,C1=CC(=C(C=C1[N+](=O)[O-])[N+](=O)[O-])Cl
473,CCCC(=O)O
474,CN1C2=C(C=CC(=C2)Cl)C3=C1C(=O)NC4([C@@H]3C#N)CCNCC4
475,C1=C(C=C(C(=C1O)O)O)C2=CC(=O)C3=C(C=C(C=C3O2)O)O
476,CCOC1=CC=CC=C1O[C@H]([C@@H]2CNCCO2)C3=CC=CC=C3
477,C1CCC(CC1)(C2=CC=CC=C2)N3CCCCC3
478,CCC1=CC=CC=C1
479,C1[C@H](O[C@H]([C@@H]1O)N2C=NC3=C2N=CN=C3N)CO
480,C1(=O)C2(C3(C4(C1(C5(C2(C3(C(C45Cl)(Cl)Cl)Cl)Cl)Cl)Cl)Cl)Cl)Cl
481,C1CCC(CC1)OC2=NC3=NC=NN3C(=C2)NC4=CC=C(C=C4)S(=O)(=O)N
482,C1=C(C(=O)NC(=O)N1[C@H]2[C@@H]([C@@H]([C@H](O2)CO)O)O)F
483,CC1=CC=CC=C1C2=NC3=C(C=NN3C(=C2)NCC4=C[N+](=CC=C4)[O-])Br
484,C1=CC=C(C=C1)C2=CC=CC=C2CN
485,CCC(C)(C#C)O
486,C(CCCCC(=O)O)CCCC(=O)O
487,CC1(C(=O)N2C(C(=O)N3CCCC3C2(O1)O)CC4=CC=CC=C4)NC(=O)C5CN(C6CC7=CNC8=CC=CC(=C78)C6=C5)C
488,C(C(C(=O)O)O)C(=O)O
489,C[C@H](CCC(=O)O)[C@H]1CC[C@@H]2[C@@]1([C@H](C[C@H]3[C@H]2[C@@H](C[C@H]4[C@@]3(CC[C@H](C4)O)C)O)O)C
490,CC(C)(C(=O)O)N
491,CCCCCCCCCC[N+](C)(C)[O-]
492,C1=CC=C(C(=C1)C(=O)O)N(C2=CC=CC3=C2C=C(C=C3)O)C(=O)C(=O)O
493,CC(C)(C)C1=CC(=C(C=C1O)C(C)(C)C)O
494,C1=CC(=CC=C1C(=O)NC(CCC(=O)O)C(=O)O)NCC2=CN=C3C(=N2)C(=NC(=N3)N)N
495,C1=CC(=C(C=C1CNC2=NC3=C(N2[C@H]4[C@@H]([C@@H]([C@H](O4)CO)O)O)N=CN=C3N)Cl)Cl
496,C1CN2CCC1C(C2)CN3C4=CC=CC=C4SC5=CC=CC=C53
497,CC1=NN(C2=CC(=NC=C12)N[C@@H](C)C3=CC=CC=C3)C4=CC=CC(=C4)CCC(=O)N
498,C(C#N)C(C(=O)O)N
499,C1(C(C(C(=O)C(C1O)O)O)O)O
500,C1C(C1C(=O)O)C(C(=O)O)N
501,CC1=C(C2=CC=CC=C2N1)CCNC(=O)C3=CC=CS3
502,C1=NC2=C(N1)C(=NC=N2)N
503,CCC1=C(NC2=C1C(=O)C(CC2)CN3CCOCC3)C
504,C1C(C(OC1N2C=C(C(=O)NC2=O)I)CO)O
505,C1=CC=C(C=C1)COC2=C(N=CC=C2)N
506,C1=CC=C(C=C1)C2=CC(=O)C3=C(O2)C=CC4=CC=CC=C43
507,CC(C(=O)NCC(=O)O)S
508,[Fe]
509,C1C(C(OC1N2C=C(C(=O)NC2=O)Br)COP(=O)(O)O)O
510,CNCCO
511,CC1([C@@H](N2[C@H](S1)[C@@H](C2=O)NC(=O)C3=C(C=CC=C3OC)OC)C(=O)O)C
512,CCCCC(CC)C(=O)O
513,C(CCN)CN
514,C(CC(=O)O)CC(=O)O
515,C1[C@@H]([C@H](O[C@H]1N2C=C(C(=O)NC2=O)F)COP(=O)(O)O)O
516,CCCCN1C(=NC2=C1N=C(N=C2N)F)CC3=C(C=CC(=C3)OC)OC
517,CC(=O)NCCC1=CN=CN1
518,CCN(CC)C(=O)N[C@@H]1CN([C@@H]2CC3=CNC4=CC=CC(=C34)C2=C1)C
519,CC(C)C(CCCN(C)CCC1=CC(=C(C=C1)OC)OC)(C#N)C2=CC(=C(C=C2)OC)OC
520,CCOP(=S)(OCC)OC1=CC=C(C=C1)[N+](=O)[O-]
521,COC(=O)C(CC1=CC=CC=C1)(CC2=CC=C(C=C2)NS(=O)(=O)O)C(=O)OC
522,C[C@]12C[C@@H]([C@H]3[C@H]([C@@H]1CC[C@@]2(C(=O)CO)O)CCC4=CC(=O)C=C[C@]34C)O
523,C[N+](C)(C)CCOP(=O)(O)OP(=O)(O)OCC1C(C(C(O1)N2C=CC(=NC2=O)N)O)O
524,CC1=CC(NC2=CC=CC=C12)(C)C
525,C([C@H]([C@@H]1C(=O)C(=C(O1)O)O)O)O
526,CCCCCCCCN[C@@H]1C=C([C@H]([C@@H]([C@H]1O)O)O)CO
527,C1=CC=C2C(=C1)C(=C(N2)C3=C4C=CC=CC4=NC3=O)NO
528,C[Hg+]
529,CC(C)CC(=O)C
530,C1C2=C(C3=CC=CC=C3NC1=O)NC4=C2C=C(C=C4)[N+](=O)[O-]
531,C1=CC=C2C(=C1)C(=O)C(=C(O2)O)CC3=C(OC4=CC=CC=C4C3=O)O
532,C1=CC(=CC=C1C[C@@H](C(=O)O)N)I
533,CC(=O)N[C@@H](CC1=CC=CC=C1)C(=O)N[C@@H](CC2=CC=C(C=C2)[C@@H]3CC(=O)NS3(=O)=O)C(=O)N
534,C1CN2C3=CC=CC4=C3C=C(C=C4)OC5=C(C=CC(=C5)CN6C=NC=C6CNC1C2=O)C#N
535,CNC(=O)CC[C@@H](C(=O)O)N
536,C1[C@H](NC(=O)[C@]12C[C@@H]2C(=O)O)C3=CC=C(C=C3)OCC4=CC(=NC5=CC=CC=C54)C6=CC=CC=C6
537,COC1=CC=C(C=C1)S(=O)(=O)N2CCN(CC2)S(=O)(=O)C3=CC4=C(C=C3)OCCO4
538,CCCCCCCCCCCCCCCCCC(=O)O
539,C1=CC(=C(C=C1C2=C(C(=O)C3=C(C=C(C=C3O2)O)O)O)O)O
540,CC[C@@]12CCCN3[C@@H]1C4=C(CC3)C5=CC=CC=C5N4[C@](C2)(C(=O)OC)O
541,CC(=O)NC(CC1=CNC2=CC=CC=C21)C(=O)O
542,CC1([C@@H](N2[C@H](S1)[C@@H](C2=O)NC(=O)C3(CCCCC3)N)C(=O)O)C
543,C(=C(\O)/[O-])\[C@H](C(=O)[O-])O
544,CC(CO)O
545,CC(=O)O[C@]1(CC[C@@H]2[C@@]1(CC[C@H]3[C@H]2CCC4=CC(=O)CC[C@H]34)C)C#C
546,C#C
547,CCCCCCCCCCCC(CC1C(C(=O)O1)CCCCCC)OC(=O)C(CC(C)C)NC=O
548,CN1CCC2(CC1)[C@@H](C3=C(C(=O)N2)N(C4=C3C=CC(=C4Cl)Cl)C)C#N
549,C1=CC2=C(C=C1Cl)N(C(=O)N(C2=O)CC3=C(C=C(C=C3)Br)F)CC(=O)O
550,C[C@@H](C(=O)O)N
551,CC(=O)N[C@@H](CCSC)C(=O)O
552,CC1=NC(=NO1)C(CC2=CC=CC=C2)(CC3=CC=C(C=C3)NS(=O)(=O)O)C4=NOC(=N4)C
553,C1=NC2=C(C(=N1)N[C@@H](CC(=O)O)C(=O)O)N=CN2[C@H]3[C@@H]([C@@H]([C@H](O3)COP(=O)(O)O)O)O
554,C1COCCN1C2=CC(=CC(=C2)C(=O)NC3=CC4=C(C=C3)NC=C4CCC5=CC=NC=C5)F
555,C1CC[N+]2(C1)C3CCC2CC(C3)OC(=O)C(C4=CC=CC=C4)(C5=CC=CC=C5)O
556,CC(C)(C)O
557,CC(C)[C@H](NS(=O)(=O)C1=CC=C(C=C1)C2=CC=C(C=C2)OC)P(=O)(O)O
558,C[C@H](C1=NC(=NO1)C2=CC=C(C=C2)S(=O)(=O)C)[C@@H](C(=O)N3CCCC3)N
559,C1CCNC(C1)C(=O)O
560,C1=C(C=C(C(=C1O)O)O)C(=O)O
561,CC(C)CCCC(C)C1CCC2C1(CCC3C2=CC=C4C3(CCC(C4)O)C)C
562,C(C(C=O)O)O
563,CCCCC(CC)CO
564,C1[C@@H]([C@H](O[C@H]1N2C=NC3=C2NC(=NC3=O)N)COP(=O)(O)O)O
565,CC(C)CCOP(=O)(O)OP(=O)(O)O
566,CC(=O)O[C@@H]1C[C@]2([C@@H](CCC2=O)C3=C1[C@]4([C@H](OC(=O)C5=COC(=C54)C3=O)COC)C)C
567,CC(=CCOP(=O)(O)OP(=O)(O)O)C
568,C1=CC(=C(C=C1CC(C(=O)O)N)O)O
569,CCC(=O)C
570,C(CC(C(=O)O)N)CN
571,C1C=CC(=C1C(=O)O)C(=O)NC2=C(C(=C(C(=C2F)F)C3=CC(=CC=C3)OC(F)(F)F)F)F
572,CCC(=O)O[C@H]1CC[C@@H]2[C@@]1(CC[C@H]3[C@H]2CCC4=CC(=O)CC[C@]34C)C
573,C1CN(CCN1CC/C=C\2/C3=CC=CC=C3SC4=C2C=C(C=C4)Cl)CCO
574,C1[C@@H]([C@H](O[C@H]1N2C=NC3=C2N=CN=C3N)COP(=O)(O)OP(=O)(O)OP(=O)(O)O)O
575,C1=CC(=C(C=C1C[C@@H](C(=O)O)N)I)O
576,CC(=O)[O-].CC(=O)[O-].[Co+2]
577,CC1=NC(=O)C2=C(N1)C(=CC=C2)O
578,CC(C)C(C(=O)NC(CC(=O)O)C=O)NC(=O)C(CCC(=O)O)NC(=O)C(CC(=O)O)NC(=O)C
579,CC(C)N1C2=CC=CC=C2C(=C1CC[C@H](C[C@H](CC(=O)O)O)O)C3=CC=C(C=C3)F
580,COCC(=O)O
581,CC1=C(C=C(C=C1)O)NC2=C3C=CC(=CC3=NC=C2)C4=CSC(=N4)C=O
582,CCCCCCCCCC(=O)O
583,C1CN(CCN1CCC=C2C3=CC=CC=C3SC4=C2C=C(C=C4)C(F)(F)F)CCO.Cl.Cl
584,CCCC(=O)C
585,CC1[C@@H](C(C([C@H](O1)O[C@H]2C[C@H]([C@@]3(C4C(CC[C@@]3(C2)O)[C@]5(CCC([C@]5(CC4O)C)C6CC(=O)OC6)O)CO)O)O)O)O
586,CC(CC(=O)O)C(=O)O
587,CC1=NC=C(C(=C1O)C=O)COP(=O)(O)O
588,CC(C)C(C1=CC=C(C=C1)Cl)C(=O)OC(C#N)C2=CC(=CC=C2)OC3=CC=CC=C3
589,C1=CC=C(C=C1)C2=C(OC3=NC=NC(=C23)NCCO)C4=CC=CC=C4
590,CC(=O)C(=O)O
591,C(CCN)CC(C(=O)O)N
592,CC(C)(C(Cl)(Cl)Cl)O
593,CC1=NC=C(C(=C1O)C=O)CO
594,CN(C)S(=O)(=O)C1=CC\2=C(C=C1)NC(=O)/C2=C\C3=CC4=C(N3)CCCC4
595,C1CN(CCN1CCCN2C(=O)N3C=CC=CC3=N2)C4=CC(=CC=C4)Cl
596,CCCCN1C[C@@H]([C@H]([C@@H]([C@H]1CO)O)O)O
597,COC1=CC\2=C(C=C1)NC(=O)/C2=C\C3=CN=CN3
598,C1=CC=C(C=C1)C2=CC=C(C=C2)C3=CC(=CC(=C3)C(=O)O)C(=O)N
599,COC1C(C(C(C(O1)CO)O)O)O
600,C([C@@H](C(=O)O)N)C(=O)N
601,C1=CC=C(C(=C1)C(F)(F)F)S(=O)(=O)NNC(=O)C2=CC3=C(O2)C=CC(=C3)Cl
602,C[C@]12CC[C@H]3[C@H]([C@@H]1CC[C@@H]2C(=O)NC(C)(C)C)CC[C@@H]4[C@@]3(C=CC(=O)N4)C
603,C[As](=O)(C)O
604,C[C@@H]1CC[C@H]([C@@H](C1)O)C(C)C
605,C1CCN(CC1)CCOC2=CC=C(C=C2)[C@@H]3C4=C(CCN3C5=CC=CC=C5)C=C(C=C4)O
606,C1=CC(=C(C=C1C=C(C#N)C#N)O)O
607,C(CC(C(=O)O)N)CC(=O)O
608,C1=CC(=CC=C1CCCC(=O)O)N(CCCl)CCCl
609,CC(=O)C1=CC=CC(=C1)C2=CN=C3N2N=C(C=C3)NCC4CC4
610,COC1=C(C=C(C=C1)CC2=NC=CC3=CC(=C(C=C32)OC)OC)OC
611,C(C(=O)[O-])(C(=O)[O-])O
612,CC#CCOC1=CC=C(C=C1)S(=O)(=O)CCCS
613,CC1=C(N=C2C=CC(=CC2=C1C(=O)O)F)C3=CC=C(C=C3)C4=CC=CC=C4
614,CCCCCC=CCC=CCCCCCCCC(=O)O
615,C1=CC(=CC=C1[C@H](CO)O)NC(=O)C2=CC3=C(N2)C=CC(=C3)Cl
616,CC(C)CCNC1=NC(=NC2=C1N=CN2[C@H]3[C@@H]([C@@H]([C@H](O3)COP(=O)(O)O)O)O)SC
617,C1CCC(CC1)(CC(=O)O)CN
618,CC[C@H]1CN2CCC3=CC(=C(C=C3[C@@H]2C[C@@H]1C[C@@H]4C5=CC(=C(C=C5CCN4)OC)OC)OC)OC
619,C1NC2=C(C=C(C(=C2)C(F)(F)F)S(=O)(=O)N)S(=O)(=O)N1
620,CC1=C(C=C(C=C1)C(=O)NC2CC2)C3=CC=C(C=C3)C(=O)NCC4CC4
621,C1=CN(C(=O)N=C1N)[C@H]2[C@H]([C@@H]([C@H](O2)CO)O)O.Cl
622,CC(=CCCC(=CCCC(=CCCC(=CCOP(=O)(O)OP(=O)(O)O)C)C)C)C
623,CC1=C(C=CC2=C3C4=CC(=C(C=C4N=CC3=C(N=C12)N)OC)OC)N
624,CCN(CC)CCC1=CNC2=CC=CC=C21
625,C(CC(=O)O)C=O
626,CC(CCC(=O)O)[C@H]1CC[C@@H]2[C@@]1([C@H](C[C@H]3[C@H]2CC[C@H]4[C@@]3(CC[C@H](C4)O)C)O)C
627,C1(C(C(C(C(C1O)O)O)O)O)O
628,CCCCCCCCCCCC(=O)OCC
629,C(C(COP(=O)(O)O)O)O
630,C[S@@](=O)C1=CC=C(C=C1)C2=NC(=C(N2)C3=CC=NC=C3)C4=CC(=CC=C4)I
631,COC1=NC=C(C=C1)C2=CC(=NC=N2)N3C[C@@H]([C@H](C3)N)C4=CC(=C(C=C4F)F)F
632,C1CN(CCN1CCCN2C3=CC=CC=C3SC4=C2C=C(C=C4)C(F)(F)F)CCO
633,CCNC1=C(C=C2C(=C1)OC3=CC(=[NH+]CC)C(=CC3=C2C4=CC=CC=C4C(=O)OCC)C)C.[Cl-]
634,CSCCC(=O)C(=O)O
635,C1CCC(CC1)COC2=NC(=NC3=C2NC=N3)NC4=CC=C(C=C4)S(=O)(=O)N
636,C(C(=O)C(=O)O)S
637,CCCC1=C(C=CC2=C1ON=C2C(F)(F)F)OCCCOC3=CC4=C(C=C3)N(C=C4)CC(=O)O
638,C[N+](C)(C)CCCCCC[N+](C)(C)C
639,C(CP(=O)(O)O)C(=O)O
640,C1CC2=C(C=CC(=C2)Cl)C(=C3CCNCC3)C4=C1C=CC=N4
641,COC1=CC=CC=C1C2=CC=C(O2)C(=O)O
642,C(CN)CN
643,CCCCCCCCCCC=O
644,C1=CC(=CC=C1C2=COC3=CC(=CC(=C3C2=O)O)O)O
645,C([C@H]([C@@H](CS)O)O)S
646,C1CNCCC1N2C=NC(=C2C3=NC(=NC=C3)N)C4=CC=C(C=C4)F
647,CCC1=C(C2=C(O1)C=C(C=C2)S(=O)(=O)NC3=CC=C(C=C3)S(=O)(=O)N)C(=O)C4=CC(=C(C(=C4)Br)O)Br
648,CNCCCN(C)N(N=O)O
649,C1=CC=C2C=C3C=C4C=C5C=CC=CC5=CC4=CC3=CC2=C1
650,CC(=O)N
651,C(C(C(C(=O)O)O)O)(C(C(=O)O)O)O
652,C1CN(CCC1C2=C(C(=NN2)C3=CC=C(C=C3)Cl)C4=NC=NC=C4)C(=O)CO
653,CCCCC[C@H](CC(=O)NO)C(=O)N[C@@H](C(C)C)C(=O)N1CCC[C@H]1CO
654,C(C(=O)[O-])C(CC(=O)[O-])(C(=O)O)O.[Mg+2]
655,C1[C@@H]([C@H](O[C@H]1N2C=C(C(=O)NC2=O)Br)CO)O
656,CC1=CNC2=CC=CC=C12
657,CN1C=C(C(=N1)C2=CC=C(C=C2)OCC3=NC4=CC=CC=C4C=C3)C5=CC=NC=C5
658,C1COCCC1(CS(=O)(=O)C2=CC=C(C=C2)OC3=CC=C(C=C3)Cl)C(=O)NO
659,C1CN(CCN1CCCN2C3=CC=CC=C3SC4=C2C=C(C=C4)Cl)CCO
660,C1=C(C(=O)NC(=O)N1C2C(C(C(O2)CO)O)O)F
661,C([C@H]([C@@H]([C@@H]([C@H](CO)O)O)O)O)O
662,C1=C(C(=CC(=C1Cl)Cl)Cl)OCC#CI
663,CC(=O)OCC(=O)[C@]1(CC[C@@H]2[C@@]1(CC(=O)[C@H]3[C@H]2CCC4=CC(=O)CC[C@]34C)C)O
664,C(CCCC(=O)O)CCCC(=O)O
665,CC(C)(C)NC1=NC(=NC2=C1C=C(C=C2)C3=CC(=CC=C3)N)C(F)(F)F
666,CC1=CC=C(C=C1)O
667,CCl
668,CC[C@H](CO)NC1=NC2=C(C=NN2C(=N1)NCC3=CC=CC=C3)C(C)C
669,C1=CC=C2C=C(C=CC2=C1)C[C@@H](C(=O)O)N
670,COC(=O)C1=C([C@@H]2C(=C([C@H]1O2)C3=CC=C(C=C3)O)C4=CC=C(C=C4)O)C(=O)OC
671,C1=NC2=C(N1C3C(C(C(O3)COP(=O)(O)OP(=O)(O)OC4C(C(C(C(O4)CO)O)O)O)O)O)NC(=NC2=O)N
672,CCC(CO)(CO)CO
673,C1=CC(=C(C=C1C(F)(F)F)N=C(N)N=C(N)N)Cl
674,C1CC1C2=CC(=NN2)NC(=O)C3=CC=CC=C3
675,CC(C)C(C(=O)O)N
676,CN1CCC2=CC=CC3=C2[C@H]1CC4=C3C(=C(C=C4)O)O
677,CC1=C(C=C(C=C1)C2=NN=C(O2)C)C3=CC=C(C=C3)C(=O)NCC4CC4
678,CC(CC(=O)O)(CC(=O)O)O
679,C1CN(CC=C1N2C3=CC=CC=C3NC2=O)CCCC(=O)C4=CC=C(C=C4)F
680,C1(C(C(C(C(C1OP(=O)(O)O)O)OP(=O)(O)O)OP(=O)(O)O)O)O
681,C1CNCCC1OC2=CC=CC(=C2)C(=O)C3=C(N(N=C3)C4=CC=C(C=C4)F)N
682,C1=CC(=C(C=C1S)C(=O)O)[N+](=O)[O-]
683,C[N+](C)(C)C1=CC=CC=C1.[OH-]
684,C[N+]1=C2C=C(C=CC2=CC3=C1C=C(C=C3)N)N
685,[O-]S(=O)S(=O)[O-]
686,C1=CC=C(C=C1)C2=CC3=C(C=NN3C(=C2)NCC4=CN=CN=C4)Br
687,C([C@@H]1[C@H]([C@@H]([C@H]([C@H](O1)O[C@@H]2[C@@H]([C@H]([C@@H]([C@H](O2)CO)O)O)O)O)O)O)O
688,C1=CC=C(C=C1)C2=NC3=C(C=NN3C(=C2)NCC4=CC=NC=C4)Br
689,C1=C(C=C(C(=C1Cl)O)SC2=CC(=CC(=C2O)Cl)Cl)Cl
690,C(CCCO)CCO
691,CNC(=O)[C@H](CC1=C(C(=C(C(=C1F)F)F)F)F)NC(=O)NC2=NNC(=S)S2
692,C(CC(=O)NC(CSN=O)C(=O)NCC(=O)O)C(C(=O)O)N
693,[Na+].[I-]
694,C[C@@H]([C@H](C1=CC=CC=C1)O)NC
695,CC(C)N1C2=C(C(=N1)C3=CC(=CC=C3)O)C(=NC=N2)N
696,CN(CCC1=CC=C(C=C1)NS(=O)(=O)C)CCOC2=CC=C(C=C2)NS(=O)(=O)C
697,C1CNCCC1(C2=CC=C(C=C2)C3=CNN=C3)C4=CC=C(C=C4)Cl
698,CC(C)NCC(COC1=CC=CC2=C1C=CN2)O
699,CC(=O)[O-].CC(=O)[O-].[Mg+2]
700,C[C@@]1(C(=O)N(C(=O)O1)NC2=CC=CC=C2)C3=CC=C(C=C3)OC4=CC=CC=C4
701,C1=CN(C(=O)NC1=O)[C@H]2[C@@H]([C@@H]([C@H](O2)COP(=O)(O)OP(=O)(O)OP(=O)(O)O)O)O
702,CC1=CC2=C(C=C1C)N(C3=NC(=O)NC(=O)C3=N2)C[C@H]([C@H]([C@H](COP(=O)(O)OP(=O)(O)OC[C@@H]4[C@H]([C@H]([C@@H](O4)N5C=NC6=C5N=CN=C6N)O)O)O)O)O
703,C1=CC(=CC=C1C[C@@H](C(=O)O)N)O
704,C1=CC(=C(C=C1[C@H](CN)O)O)O
705,CNCCCN1C2=CC=CC=C2CCC3=CC=CC=C31
706,C(=O)C=O
707,CC1=CC=CC=C1CC(=O)NC2=CC(=C(C(=C2)C)S(=O)(=O)NCC(=O)O)C
708,C(CO)[C@@H](C(=O)O)N
709,CC(C)NCC(COC1=CC=C(C=C1)CC(=O)N)O
710,C1=C(C=C(C(=C1I)OC2=CC(=C(C(=C2)I)O)I)I)CC(=O)O
711,C1=CC(=CC=C1C2=COC3=C(C2=O)C=CC(=C3)O[C@H]4[C@@H]([C@H]([C@@H]([C@H](O4)CO)O)O)O)O
712,CCNC(=O)N(CCCN(C)C)C(=O)[C@@H]1C[C@H]2[C@@H](CC3=CNC4=CC=CC2=C34)N(C1)CC=C
713,CCCCCC=O
714,C1[C@H](N(CC2=CC=CC=C21)C(=O)C[C@@H](CC3=CC=CC=C3F)N)C(=O)N
715,C(CS[C@@H](CC(=O)O)C(=O)O)N=C(N)N
716,C1=C(C=C2C(=C1O)C(=O)/C(=C/C3=CC(=C(C(=C3O)Br)O)Br)/O2)O
717,C1=CC=C(C=C1)CCNN
718,CC[C@H](C)C(=O)O[C@H]1C[C@H](C=C2[C@H]1[C@H]([C@H](C=C2)C)CC[C@H](C[C@H](CC(=O)O)O)O)C
719,CC(=O)OCC(=O)C1(CCC2C1(C[C@@H]([C@]3(C2CCC4=CC(=O)C=CC43C)F)O)C)O
720,C(C(=O)O)NCC(=O)O
721,COC1=C(C=C(C=C1)C2=CC=CC=C2)N3CC(=O)NS3(=O)=O
722,CC1=CC=C(C=C1)N(CC2=NCCN2)C3=CC(=CC=C3)O
723,C1=CC(=CN=C1)C(=O)N
724,C(C(=O)[O-])Br
725,CC1=CC=CC=C1N2CCN(CC2)CCC3=NN=C4N3CCCC4
726,C(CC(=O)O)CN
727,CC1=CN(C(=O)NC1=O)[C@H]2C[C@@H]([C@H](O2)COP(=O)(O)O)S
728,CC(CC1=CNC2=CC=CC=C21)N
729,CCN(CC)CCO
730,CCN1CCC[C@H]1CNC(=O)C2=C(C=CC(=C2OC)Br)OC
731,C1=CC=C2C(=C1)C=CC3=CC4=CC=CC=C4C=C32
732,C1=CC2=C(C=C1F)C(=CN2)CC(C(=O)O)N
733,CC(=O)OC1=CC=C(C=C1)C(=C2CCCCC2)C3=CC=C(C=C3)OC(=O)C
734,C(CCC(=O)O)CC(CCS)S
735,CC(C)NC(C)C
736,C1CCC(CC1)COC2=NC(=NC3=C2NC=N3)NC4=CC(=CC=C4)Cl
737,CN(C)CCCN1C=C(C2=CC=CC=C21)C3=C(C(=O)NC3=O)C4=CNC5=CC=CC=C54
738,C(Br)Br
739,CCN(CC)C(=O)C1CN(C2CC3=CNC4=CC=CC(=C34)C2=C1)C
740,C1=CC=C2C(=C1)C(=CN2)C[C@@H](C(=O)OP(=O)(O)OC[C@@H]3[C@H]([C@H]([C@@H](O3)N4C=NC5=C4N=CN=C5N)O)O)N
741,CC(=O)NCCCNCCCCN
742,CCCCCCCCCC(=O)O[C@H]1CC[C@@H]2[C@@]1(CC[C@H]3[C@H]2CCC4=CC(=O)CC[C@H]34)C
743,CN1[C@H](CNC2=C1C(=O)N=C(N2)N)CNC3=CC=C(C=C3)C(=O)N[C@@H](CCC(=O)O)C(=O)O
744,C(C(=O)[O-])C(CC(=O)[O-])(C(=O)[O-])O.[Na+].[Na+].[Na+]
745,C1CN(CCN1CCOCCO)C2=NC3=CC=CC=C3SC4=CC=CC=C42
746,C1C(C(C(C1N2C=NC3=C2N=CN=C3N)O)O)CO
747,C1=CC(=C(C=C1C[C@@H](C(=O)O)N)[N+](=O)[O-])O
748,CN1C2=C(N=CC(=C2)C3=CC=CC=C3)N=C1N
749,C1=CC(=CC=C1CN)NC(=O)C(=O)O
750,C1=CC(=CC=C1CSC2=NC=NC3=C2N=CN3C4C(C(C(O4)CO)O)O)[N+](=O)[O-]
751,COC1=C(C=C2C(=C1)C(=NC=N2)NC3=CC(=CC=C3)O)OC
752,CCCCC1=C2C(=NC=CN2)NC1=C3C=CC(=O)C=C3
753,C1=C(ONC1=O)C(C(=O)O)N
754,CC(C)(C1=CC=C(C=C1)O)C2=CC=C(C=C2)O
755,C[C@]12CC[C@H]3[C@H]([C@@H]1CC[C@]2(C#C)O)CCC4=CC(=O)CC[C@H]34
756,CCCN(CCC)C1CCC2=C(C1)C=C(C=C2)O
757,C1=CC=C(C=C1)S(=O)(=O)N(CC(F)(F)F)C2=CC=C(C=C2)C(C(F)(F)F)(C(F)(F)F)O
758,C(CCCC(=O)O)CCC(=O)O
759,C1=CC(=C(C=C1[C@@H](CN)O)O)O
760,C(C(C(C(=O)O)O)C(=O)O)C(=O)O
761,C1=CC=C2C(=C1)C(=O)/C(=C/3\C4=C(C=CC(=C4)S(=O)(=O)O)NC3=O)/N2
762,CN(C)CCN(CC1=CC=CC=C1)C2=CC=CC=N2
763,CCC#N
764,CC(C)[C@H](CO)NC1=NC2=C(C(=N1)NC3=CC(=C(C=C3)C(=O)O)Cl)N=CN2C(C)C
765,C(C(CC(=O)O)O)C(=O)O
766,C=C
767,CC(CC1=CC=C(C=C1)O)N
768,C1[C@H]([C@@H]([C@H](O[C@@H]1O)CO)O)O
769,CC(C)(C1=CC=C(C=C1)C(CCCN2CCC(CC2)C(C3=CC=CC=C3)(C4=CC=CC=C4)O)O)C(=O)O
770,CCOC1=C(C=CC(=N1)C(=O)NCC2=C(C=CC(=C2)OC)OC)C#N
771,CN1C(CCC1=O)C2=CN=CC=C2
772,CC1=C(SC(=N1)NC(=O)C)C2=CC(=C(C=C2)Cl)S(=O)(=O)NCCO
773,CN1C=NC2=C1C(=O)N(C(=O)N2C)C
774,CC(=O)OCC(C(=O)O)N
775,CNC(=O)[C@@H]1CC2=C(CN1C(=O)OCC3=CC=CC=C3)C=C(C=C2)NS(=O)(=O)O
776,C1CCC(CC1)NCCCS(=O)(=O)O
777,C1CC(=O)OC1=O
778,CC1=C(SC(=N1)N)C2=NC(=NC=C2)NC3=CC(=CC=C3)[N+](=O)[O-]
779,CN1C=C(C2=CC=CC=C21)C3=C(C(=O)NC3=O)C4=CN(C5=CC=CC=C54)CCCN
780,C=C1CC1CC(C(=O)O)N
781,C1CC=C(C2=C(C1)ONC2=O)C[C@@H](C(=O)O)N
782,CCOC(=O)[C@H](CCC1=CC=CC=C1)N[C@@H](C)C(=O)N2[C@H]3CCCC[C@@H]3C[C@H]2C(=O)O
783,C(=O)C(Cl)Cl
784,CS(=O)(=O)C1=CC=CC(=C1)C(=O)NC[C@@H]2CCCN2C(=O)C[C@@H](CC3=CC(=CC=C3)Cl)N
785,CC(C)C=O
786,C[C@]12CC(=O)[C@H]3[C@H]([C@@H]1CC[C@@]2(C(=O)CO)O)CCC4=CC(=O)C=C[C@]34C
787,CC[C@@H](C)NC1=NC=C(S1)C(=O)NC2=C(C=CC(=C2)C(=O)NC)C
788,C1[C@@H]([C@H](O[C@H]1N2C=C(C(=O)NC2=O)C(F)(F)F)CO)O
789,CCO
790,CC(=O)C(C)(C(=O)O)O
791,CC(C(C1=CC=CC=C1)O)N
792,C(CS)C(C(=O)O)N
793,CCC1=C(C(=NC(=N1)N)N)C2=CC=C(C=C2)Cl
794,C1=CC2=C(C(=C(N2O)C3=CC=NC=C3)C4=CC=C(C=C4)F)N=C1
795,C(CC(C(F)F)(C(=O)O)N)CN
796,CC(C)(C(=O)O)C(=O)O
797,C1[C@@H]([C@H](O[C@H]1N2C=C(C(=O)NC2=O)I)CO)O
798,CC1=CC=CC=C1OCC(CO)O
799,CSCC[C@@H](C(=O)O)NC=O
800,COC1=C(C=C2C(=C1)C(=NC=N2)N3CC[C@H](C3)OC4=NC5=CC=CC=C5N=C4)OC
801,CN(C)CCCN1C2=CC=CC=C2CCC3=CC=CC=C31
802,CCCCCCCCCCC[C@@H](C[C@H]1[C@@H](C(=O)O1)CCCCCC)OC(=O)[C@H](CC(C)C)NC=O
803,C([C@@H]1[C@@H]([C@@H]([C@H]([C@@H](O1)O[C@@H]2[C@H](O[C@H]([C@@H]([C@H]2O)O)O)CO)O)O)O)O
804,C1=CC(=C(C(=C1Cl)C(=O)O)Cl)Cl
805,CC1=CC=CC=C1[N+](=O)[O-]
806,C=CCN1C2=C(C=CC=C2C(F)(F)F)/C(=C\3/C=CC(=O)C=C3O)/N1
807,CCCCC(CC)COC(=O)CCCCC(=O)OCC(CC)CCCC
808,CC(C)C(CC=C)C(=O)N
809,C1CCN(C1)C(=O)[C@@H]2CN(C[C@@H]2N)C(=O)C3=NC4=CC=CC=C4N=C3
810,C1=CC=C2C(=C1)C(=C3N2C4=CC=CC=C4C(=O)N3)CC(=O)O
811,CC1=CC(=C(C=C1)C(C)C)O
812,C1CC2=CC=CC=C2C1
813,C([C@@H](C(=O)O)N)O
814,CN1CCN(CC1)CCCN2C3=CC=CC=C3SC4=C2C=C(C=C4)C(F)(F)F
815,C(C(C(=O)O)O)(C(=O)O)N
816,C1CNCCN(C1)S(=O)(=O)C2=CC=CC3=C2C=CN=C3
817,C1=CC(=CC=C1CSC[C@@H](C(=O)O)NC(=O)N[C@@H](CCC(=O)O)C(=O)O)F
818,C(CCN)CCN
819,C(C(C(=O)O)N)Cl
820,CN(C)CCOC(C1=CC=CC=C1)C2=CC=CC=C2
821,CCCCCC(=O)O
822,CCC(=O)C1=CC=CC=C1
823,C1CCC(CC1)COC2=NC(=NC3=C2NC=N3)NC4=CC=C(C=C4)S(=O)(=O)CCNCCCO
824,COCC1=C2C(=CC(=C1)O)[C@@H]3CCC[C@@H]3[C@@H](O2)C4=CC=C(C=C4)O
825,C[C@]12CC[C@H]3[C@H]([C@@H]1CC[C@H]2O)CCC4=CC(=O)CC[C@]34C
826,C1C2=CC(=CC(=C2OCO1)CN3C4=C(C=C(C=C4)F)/C(=N\O)/C3=O)F
827,CC(=O)OC(C)(C)C
828,C1=CC(=CC=C1CC(C(=O)O)N)Cl
829,CCCC(=O)NC1=NC=NC2=C1N=CN2[C@H]3[C@@H]([C@H]4[C@H](O3)COP(=O)(O4)O)OC(=O)CCC
830,C[C@@H]1[C@H]([C@H]([C@@H](O1)N2C=C(C(=O)NC2=O)F)O)O
831,CN(C)N
832,CCOC1=C(C(=CC(=N1)NC(=O)CC2=CC(=C(C=C2OC)Br)OC)N)C#N
833,CC(C)NCC(C1=CC(=C(C=C1)O)O)O
834,C1CN(CCN1)C2=NC3=CC=CC=C3OC4=C2C=C(C=C4)Cl
835,CN1CC(C2=C(C1)C(=CC=C2)N)C3=CC=CC=C3
836,C(C(C(=O)O)N)N
837,CCCCCCCC(=O)OCC
838,CC1=CCC(C=C1)C(C)C
839,C[C@H]1C[C@H]2[C@@H]3CCC4=CC(=O)C=C[C@@]4([C@]3([C@H](C[C@@]2([C@]1(C(=O)CO)O)C)O)F)C
840,C(C1C(C(C(C(O1)OP(=O)(O)O)O)O)O)O
841,C1=CC=C(C=C1)C(=O)NC2=NNC3=C2C=C(C=C3)NC(=O)[C@@H](CCN)C4=CC(=CC=C4)Cl
842,C1C[C@H]2[C@@H](C1)C3=C(C=CC(=C3)O)O[C@H]2C4=CC=C(C=C4)O
843,CC(=O)C
844,C1[C@H](C(=O)NC2=CC=CC=C21)NC(=O)C3=CC4=C(N3)SC(=C4)Cl
845,CNNC
846,C1=CC(=CC=C1[N+](=O)[O-])OP(=O)(O)O
847,CCNNC(=O)C1C(C(C2=CC3=C(C=C2C1C4=CC(=C(C(=C4)OC)OC)OC)OCO3)O)CO
848,C1CC2=CC=CC=C2[C@@H]([C@H]1N)O
849,CCCC1=NN(C2=C1NC(=NC2=O)C3=C(C=CC(=C3)S(=O)(=O)N4CCN(CC4)C)OCC)C
850,CSCC[C@H](C(=O)O)N
851,C1[C@H]2[C@@H]([C@@H](S1)CCCCC(=O)O)NC(=O)N2
852,COC1=CC=C(C=C1)[N+](=O)[O-]
853,C1C[C@H](NC1)C(=O)O
854,CC(CC1=CC=C(C=C1)O)NCC(C2=CC(=CC(=C2)O)O)O
855,CCOC(=O)C1C(O1)C(=O)NC(CC(C)C)C(=O)NCCC(C)C
856,CC1=CN(C(=O)N=C1N)[C@H]2CC([C@H](O2)CO)O
857,CCCCCC[C@H]([C@H](C)O)N1C=NC2=C1N=CN=C2N
858,C1CNCCC1NC(=O)C2=C(C=NN2)NC(=O)C3=C(C=CC=C3Cl)Cl
859,C1CCC(CC1)COC2=NC(=NC3=C2NC=N3)NC4=CC=C(C=C4)C(=O)N
860,CC(C)CCSP(=O)(O)OP(=O)(O)O
861,C1=CN(C(=O)NC1=O)[C@H]2[C@@H]([C@@H]([C@H](O2)COP(=O)(O)OP(=O)(O)O)O)O
862,C1=CC(=CC(=C1)Br)C2=CC(=[N+]3C(=N2)C=CN3)NCC4=CC=NC=C4
863,CCOC(=O)C(C)C(=O)C
864,C1=CC=C(C=C1)C(C(=O)O)N
865,CNS(=O)(=O)C1=CC=C(C=C1)C2=CC=C(O2)/C=C\3/C(=O)N=C(S3)N
866,C=C=CCNCCCCNCC=C=C
867,C1CN=C(N1)CC2=CC=CC3=CC=CC=C32
868,CCC(=O)N
869,CC(C(=O)O)C(=O)O
870,C1CNCC2=C1C=CC(=C2)S(=O)(=O)NC3=CC=C(C=C3)Cl
871,[C@@H]([C@H](C(=O)[O-])O)(C(=O)[O-])O.[Na+].[K+]
872,C1=CC(=CC=C1C(CN)O)O
873,C[C@]12CCC(=O)C=C1CC[C@@H]3[C@@H]2[C@H](C[C@]4([C@H]3CC[C@@]4(C(=O)CO)O)C)O
874,C(C(C(=O)O)S)C(=O)O
875,C1COCCN1CCCS(=O)(=O)O
876,B([C@@H]1CCCN1C(=O)[C@@H]2CCCN2)(O)O
877,C[C@]12CC[C@H](C[C@@H]1CC[C@@H]3[C@@H]2CC[C@]4([C@H]3CCC4=O)C)O
878,C1=C(C2=C(N1)C(=O)N=CN2)C3C(C(C(N3)CO)O)O
879,C1=CC=C(C=C1)O
880,CCNC(=O)C1C(C(C(O1)N2C=NC3=C2N=CN=C3NCC4=CC=CC=C4)O)O
881,C(C(C(=O)C(=O)O)C(=O)O)C(=O)O
882,CC1=CC(=O)NC(=O)N1
883,CC(C)CN1C2=C(C(=O)N(C1=O)C)NC=N2
884,CC1=NC=C(C(=C1O)CN[C@H](C)C(=O)O)COP(=O)(O)O
885,CC1=C(SC=[N+]1CC2=CN=C(N=C2N)C)CCO
886,CC1=C(C(=CC=C1)C)N
887,C1=CC=C(C(=C1)C(=O)O)O
888,COC1=C(C=C2C(=C1)C(=NC(=N2)N3CCN(CC3)C(=O)C4COC5=CC=CC=C5O4)N)OC
889,C1=CC(=CC(=C1)C(=O)O)C(=O)O
890,C(C(=O)N)I
891,CC1=C(C=CC(=C1C)OCCCC(=O)O)NC(=O)NC(=O)C2=C(C=C(C=C2)Cl)Cl
892,CC1=C2C(=NC(=NC2=NC=C1CC3=C(C=CC(=C3)OC)OC)N)N
893,CC(CO)N
894,C([C@@H](C(=O)O)N)C(=O)O
895,C(CCC(=O)O)CCN
896,B([C@H](CC(C)C)NC(=O)[C@H](CC1=CC=CC=C1)NC(=O)C2=NC=CN=C2)(O)O
897,C1=CC=C2C(=C1)C(=CC=N2)C3=C(NN=C3)C4=CC=CC=N4
898,C[NH3+].[Cl-]
899,C1=CC(=CC=C1N)O
900,CN(C)CCCN1C2=CC=CC=C2SC3=C1C=C(C=C3)C(F)(F)F
901,C1=CC(=CC(=C1)Cl)C(=O)O
902,C1CCCNCC1
903,C(CN)C(=O)O
904,C1=CC=C2C(=C1)N=C(S2)[C@H](C#N)C3=NC(=NC=C3)NCCC4=CN=CC=C4
905,CCO[C@@H](CC1=CC=C(C=C1)OCCN2C3=CC=CC=C3OC4=CC=CC=C42)C(=O)O
906,C([C@@H]([C@H]([C@@H](C(=O)CO)O)O)O)O
907,CC(=NCCCCC(C(=O)O)N)N
908,C1CC(=O)CC(=O)C1
909,CCCN(CCC)CCC1=C2CC(=O)NC2=CC=C1
910,C1=CC=C2C(=C1)OC3=CC=CC=C3O2
911,CC#CCNC1=CC=C(C=C1)S(=O)(=O)CC2(CCN(CC2)C(=O)OC(C)(C)C)C(=O)NO
912,CCN(CC)CCOC(=O)C1(CCCCC1)C2CCCCC2
913,C1=CC=C(C=C1)C(C(=O)O)O
914,C1=CC(=CC(=C1)O)C2=CC(=O)NS2(=O)=O
915,C(C(=O)O)N=C(N)N
916,C(C(C(=O)O)O)O
917,CC[C@H](CO)NC1=NC2=C(C(=N1)NCC3=CC=CC=C3O)N=CN2C(C)C
918,C1CN(CC1(F)F)C(=O)[C@@H]2C[C@@H](CN2)N3CCN(CC3)C4=NC=CC=N4
919,CC1=CC(=C2C(=C1)C(=O)C3=CC(=CC(=C3C2=O)O)O)O
920,C1=CC2=C(C(=O)N=C2C=C1)NC3=CC=C(C=C3)O
921,CC1=CN(C(=O)NC1=O)[C@H]2CC[C@H](O2)COP(=O)(O)O
922,CC1=CC=C(C=C1)C2=C(N3C=C(C=CC3=N2)C)CC(=O)N(C)C
923,C[C@H](CCC1=CC=C(C=C1)O)NC(=O)CC2=C(NC3=CC=CC=C32)C4=CC=CC=C4
924,C1=CC=C(C=C1)NC2=CC=CC3=C2C(=CC=C3)S(=O)(=O)O
925,CO/C=C(\C1=CC=CC=C1/C=C/C2=CC=CC=C2)/C(=O)OC
926,C1[C@@H]([C@H](CN(C1=O)CCC2=CC3=C(C=C2)OCO3)N)C4=CC(=C(C=C4F)F)F
927,CC1=C(C=C(C=C1)C(=O)NC2=CC=CC(=C2)C(F)(F)F)NC3=CN=CC(=C3)C(=O)N
928,CC(C)NCC(COC1=CC=C(C=C1)COCCOC(C)C)O
929,CCCCC/C=C/C=C\1/[C@H](C=CC1=O)C/C=C/CCCC(=O)O
930,CC(C)C[C@H](C(=O)NO)N(CC1=CC=CC=C1)[P@@](=O)(C)C2=CC=CC=C2
931,C1C(CNC2=C1C(=O)N=C(N2)N)CCC3=CC=C(C=C3)C(=O)NC(CCC(=O)O)C(=O)O
932,CCCCCCC[N+](CC)(CC)CCCCC1=CC=C(C=C1)Cl
933,CCCCCCO[C@H]1[C@@H]([C@H]([C@H]([C@H](O1)CO)O)O)O
934,CNCCNC
935,C1C(C(OC1N2C=NC3=C2NC(=NC3=O)N)COP(=O)(O)O)O
936,CN(C)C[C@@H](COC1=CC=C(C=C1)NC2=NC=CC(=N2)NC3=C(C=CC(=C3)Cl)Cl)O
937,CO[C@H]([C@H](C=O)O)[C@@H]([C@@H](CO)O)O
938,COC1=C(C=CC(=C1)CS(=O)(=O)C)NC2=NC3=C(C=CN3)C(=N2)NC4=C(C(=CC=C4)F)C(=O)N
939,C(CN(CC(=O)O)CC(=O)O)N(CCN(CC(=O)O)CC(=O)O)CC(=O)O
940,C1=NC2=C(C(=N1)N)N=CN2[C@H]3[C@@H]([C@@H]([C@H](O3)COP(=O)(O)OP(=O)(O)OC[C@@H]4[C@H]([C@H]([C@H](O4)O)O)O)O)O
941,CCCNCC(COC1=CC=CC=C1C(=O)CCC2=CC=CC=C2)O
942,C(C[C@@H](C(=O)O)N)CN
943,C(CC(C(=O)O)N)C=O
944,CC1=C(C(=NC(=N1)N)N)C#C[C@@H](C)C2=CC(=C(C=C2)C3=CC=CC=C3)OC
945,CC[Hg]SC1=CC=CC=C1C(=O)O
946,C1=CC(=CC=C1C(=O)O)N=C(N)N
947,CC(C)(CO)C(=O)C(=O)O
948,CN1CC[C@@H]([C@@H](C1)O)C2=C(C=C(C3=C2OC(=CC3=O)C4=CC=CC=C4Cl)O)O
949,C1CN(CCC1O)C(=O)[C@H](CC2=CC=C(C=C2)F)NC(=O)C3=CC4=C(N3)C=CC(=C4)Cl
950,CC(=O)C1=CC(=C(C=C1)OCCCN2CCC(CC2)C3=NOC4=C3C=CC(=C4)F)OC
951,C(C(CO)(CO)CO)O
952,C1=CC=C(C=C1)[C@@H](CN)NC(=O)C2=CC=C(S2)C3=C4C=CNC4=NC=C3
953,CC(=O)CCCCN1C(=O)C2=C(N=CN2C)N(C1=O)C
954,C1C(C(OC1N2C=C(C(=O)NC2=O)F)COP(=O)(O)O)O
955,C[C@@H](CO)NC(=O)[C@H]1CN([C@@H]2CC3=CNC4=CC=CC(=C34)C2=C1)C
956,CC/C=C\C/C=C\C/C=C\C/C=C\C/C=C\C=C\[C@H](CCC(=O)O)O
957,C(C[C@@H](C(=O)O)N)CNC(=O)N
958,C1C(=O)N([C@@H](S1)C2=CC(=CC=C2)Br)C3=C(C=CC(=C3)Cl)O
959,C(CN)C#N
960,C1=CC=C2C(=C1)C(=CN2)CC(=O)N
961,C[C@H](CC1=CC2=C(C(=C1)C(=O)N)N(CC2)CCCO)NCCOC3=CC=CC=C3OCC(F)(F)F
962,C1=C(C(=O)NC(=O)N1)F
963,COC1=C(C=C(C=C1)NC2=NC(=NC=N2)NC3=CC(=C(C(=C3)OC)OC)OC)Cl
964,COC1=C(C=C2C(=C1)C(=NC(=N2)N3CCN(CC3)C(=O)C4=CC=CO4)N)OC
965,C[C@H](CCC(=O)O)[C@H]1CC[C@@H]2[C@@]1(CC[C@H]3[C@H]2CC[C@H]4[C@@]3(CC[C@H](C4)O)C)C
966,C([C@@H]1[C@H]([C@H]([C@H](O1)OP(=O)(O)OP(=O)(O)O)O)O)OP(=O)(O)O
967,CC1=C(N2C(C(C2=O)NC(=O)C(C3=CC=CC=C3)N)SC1)C(=O)O
968,C1CCC(CC1)NC2=NC(=NC3=C2NC=N3)NC4=CC=C(C=C4)N5CCOCC5
969,CNCCCC12CCC(C3=CC=CC=C31)C4=CC=CC=C24
970,CC(C)CC(=O)C(=O)O
971,C1=CC(=CC=C1C(=O)O)N
972,CC1=CC(=CC=C1)NC2=NC(=NC=C2C(=O)N)N[C@@H]3CCCC[C@@H]3N
973,CC1=CC[C@]2(C[C@@H]1[C@H](OC2)C3=CC=C(C=C3)O)CO
974,C(=C(F)F)Cl
975,C([C@H](C=O)O)OP(=O)(O)O
976,C1C2C3=CC=CC=C3CC4=CC=CC=C4N2C(=N1)N
977,C1=CN(C(=O)NC1=O)C2C(C(C(O2)CO)O)O
978,C1=CC=C(C(=C1)N)[N+](=O)[O-]
979,CC(=CC(=O)O)C
980,COC1=CC=CC=C1/C=N\OCCC(=O)O
981,CC(=O)NCCC1=CC=CC2=C1C=C(C=C2)OC
982,C1=CC(=CC2=C1C=CC(=C2)C(F)(F)P(=O)(O)O)C(F)(F)P(=O)(O)O
983,CCOC(=O)C(CCNC(=O)OC(C)(C)C)(CC1=CC=C(C=C1)NS(=O)(=O)O)C(=O)OCC
984,CC(C)NCC(C1=CC(=CC(=C1)O)O)O
985,CC(C)(C)C1=CC=C(C=C1)C(CCCN2CCC(CC2)C(C3=CC=CC=C3)(C4=CC=CC=C4)O)O
986,CC1=C(OC2=C(C1=O)C=C(C=C2)O)C3=CC(=C(C(=C3)Br)O)Br
987,COC1=CC=CC=C1OCCNCC(COC2=CC=CC3=C2C4=CC=CC=C4N3)O
988,CC#CCOC1=CC=C(C=C1)S(=O)(=O)N2CC[C@@H](C2)S
989,COC1=CC(=CC(=C1OC)OC)CC2=CN=C(N=C2N)N
990,CC(C)C[C@H](CC(=O)NO)C(=O)N[C@@H](CC1=CC=C(C=C1)OC)C(=O)NC
991,CC(C)[N+](=O)[O-]
992,CCOC1=CC=CC=C1OCCN[C@H](C)CC2=CC(=C(C=C2)OC)S(=O)(=O)N
993,C1CCC2CCCCC2C1
994,C(=O)O.N
995,C[N+](C)(C)CC(CC(=O)O)O
996,CC(C)C[C@H](N)P(=O)(O)O
997,C1=CC(=CC(=C1)[N+](=O)[O-])N
998,C1=CC(=CC=C1C(C(F)(F)F)(C(F)(F)F)O)NCC(F)(F)F
999,CN1C2=C(N=C1C3=CC=C(C=C3)S(=O)(=O)O)N(C(=O)N(C2=O)CC=C)C
1000,CN1CCC(=C2C3=CC=CC=C3C=CC4=CC=CC=C42)CC1
1001,C1=CC=C2C(=C1)C(=CN2)CC(C(=O)O)N
1002,C1[C@@H](C(=O)N(C2=CC=CC=C21)CC(=O)N)NC(=O)C3=CC4=C[C@@H](SC4=N3)Cl
1003,[OH-].[Na+]
1004,C(C(Cl)(Cl)Cl)O
1005,C1[C@H]2C=NC3=C(N2CN1C4=CC=C(C=C4)C(=O)N[C@H](CCC(=O)O)C(=O)O)C(=O)N=C(N3)N
1006,C(=O)(C(=O)[O-])[O-].[Ce].[Ce]
1007,CC(C)(C)C1=CC=C(C=C1)C(=O)CCCN2CCC(CC2)OC(C3=CC=CC=C3)C4=CC=CC=C4
1008,CC(=O)OCC1=C(N2[C@@H]([C@@H](C2=O)NC(=O)CC3=CC=CS3)SC1)C(=O)O
1009,CC1=CC2=C(C=C1)N(C3=C2CCCC3)C[C@H](CNC4CCCCC4)O
1010,C(C(CO[N+](=O)[O-])O[N+](=O)[O-])O[N+](=O)[O-]
1011,CC1=C2C=C(C=CC2=NN1)C3=CC(=CN=C3)OC[C@H](CC4=CNC5=CC=CC=C54)N
1012,COC
1013,CN(C)CCCN1C2=CC=CC=C2SC3=CC=CC=C31
1014,COC1=CC(=CC(=C1OC)OC)C(C(=O)N2CCCC[C@H]2C(=O)O[C@@H](CCCC3=CC=CC=C3)CCCC4=CN=CC=C4)(F)F
1015,C1=CC=C(C(=C1)NC(=O)C2=CC(=CC=C2)[N+](=O)[O-])OC3=CC(=C(C=C3)C(=O)O)C(=O)O
1016,C(C(CO)OP(=O)(O)O)O
1017,C1CC2CCC3C4CCC(CC4CCC3C2C1)O
1018,CCCN(CCC1=CC=CS1)C2CCC3=C(C2)C=CC=C3O
1019,COCC#CC[C@H](C(=O)O)NS(=O)(=O)C1=CC=C(C=C1)C2=CC=C(C=C2)OC
1020,CN(C)CCNC(=O)C1=C2C(=CC=C1)N=C3C=CC=C(C3=N2)Br
1021,C1CNC(=O)NC1=O
1022,CC1=C(C=CC(=C1)O)O
1023,CS(=O)(=O)C1=CC=CC(=C1)C2=CC(=NC=N2)N3C[C@@H]([C@H](C3)N)C4=CC(=C(C=C4F)F)F
1024,CC(=C)C(=O)OC
1025,CC(C)NCC(COC1=CC=CC2=CC=CC=C21)O
1026,COC1=C2C(=CNC2=NC=C1)C3=NC(=NC=C3)N
1027,C1C(CNC1C(=O)O)O
1028,C1=C(C(=C(C(=C1Cl)Cl)CC2=C(C(=CC(=C2Cl)Cl)Cl)O)O)Cl
1029,CCCCCCCC=O
1030,CC1=NC(=O)C2=C(N1)C=CC(=C2)CN(C)C3=CC=C(S3)C(=O)N[C@@H](CCC(=O)O)C(=O)O
1031,CC(C)C[C@@H](C(=O)O)N
1032,CC[C@H](CO)NC1=NN2C(=NC=C2C3=CC=C(C=C3)C(=O)O)C=C1
1033,C[C@]12CC[C@H]3[C@H]([C@@H]1CC[C@@H]2O)CCC4=C3C=CC(=C4)O
1034,C[C@@H]1C(=O)NCCCN1C(=O)C[C@@H](CC2=CC(=C(C=C2F)F)F)N
1035,CC(=O)N[C@@H](CO)C(=O)O
1036,CC1=CC(=CC(=C1CC2=CC(=C(C=C2)O)C(C)C)C)OCC(=O)O
1037,CCCCC(C=O)NC(=O)C(CC(C)C)NC(=O)C(CC(C)C)NC(=O)C
1038,CCCCCCCCC(=O)O
1039,CCCCCCCCCCCCCCCC[N+](C)(C)C
1040,CCCCCCCCCCCCCCCCOCC(COP(=O)([O-])OCC[N+](C)(C)C)OC(=O)NC
1041,C1CCC1
1042,C1=CC=C(C(=C1)C(=O)O)C(=O)O
1043,CC1=C(C=NO1)C(=O)NC2=CC=C(C=C2)C(F)(F)F
1044,CN1C(CC(C1=O)O)C2=CN=CC=C2
1045,CCCN1C2=C(C(=O)N(C1=O)CCC)NC(=N2)C3=CC=C(C=C3)S(=O)(=O)O
1046,CN1C(=CC(=N1)C2=CC=CC=C2)NS(=O)(=O)O
1047,CC1(C(=O)N(C(=O)O1)C)C
1048,C[N+](C)(C)C[C@@H](CC(=O)[O-])O
1049,CC(CN1C2=CC=CC=C2CCC3=CC=CC=C31)CN(C)C
1050,C(CC(=O)N)[C@@H](C(=O)O)N
1051,CC(=O)[C@H]1CC[C@@H]2[C@@]1(CC[C@H]3[C@H]2CC=C4[C@@]3(CC[C@@H](C4)O)C)C
1052,C1=CC(=C(C=C1C[C@@H](C(=O)O)N)O)O
1053,C=CC#N
1054,CC(C1CCC2C1(CCC3C2CCC4C3(CCC(C4)O)C)C)O
1055,CC1=CC=C(C=C1)C2=NN(C3=C2C(=NC=N3)N)C(C)(C)C
1056,C1CCC(CC1)C(=O)O
1057,CC(CCOP(=O)(O)O)(CC(=O)O)O
1058,C1CN1
1059,C1=CC(=CC(=C1)OC(F)(F)F)C2=CC(=C(C(=C2)F)NC(=O)C3=C(SC=C3)C(=O)O)F
1060,CC(CC(C(=O)O)N)C(=O)O
1061,C(CCl)O
1062,C1=CC(=CC=C1C2=C(NN=C2)C3=CC(=NC=C3)F)F
1063,C1=CC(=CC=C1CC(C(=O)O)N)O
1064,C(C(=O)O)OP(=O)(O)O
1065,C1=CC(=C(C(=C1)O)N)C(=O)O
1066,C1C[C@H](N(C1)C(=O)CNC23CC4CC(C2)CC(C4)(C3)O)C#N
1067,C[C@@H]1C[C@H]2CN1CCN3C(=O)C4=C(N3)C(=CC=C4)C5=NC6=C(C=CC=C6O2)NC5=O
1068,CCN(CC)CCNC(=O)C1=CC(=C(C=C1OC)N)Cl
1069,C1=CC=C2C(=C1)C(=CN2)CCC(=O)O
1070,C1=CC=C2C(=C1)C(=C(N2)O)C[C@@H](C(=O)O)N
1071,CC1=CC=CC2=C1C(=O)N(C2=O)C3=CC=C(C=C3)C#N
1072,CCOC(=O)N1CCC(=C2C3=C(CCC4=C2N=CC=C4)C=C(C=C3)Cl)CC1
1073,C1=CC(=C(C=C1Cl)O)OC2=C(C=C(C=C2)Cl)Cl
1074,C[C@]12CCC(=O)C=C1CC[C@@H]3[C@@H]2[C@H](C[C@]4([C@H]3CC[C@@]4(C(=O)COC(=O)CCC(=O)O)O)C)O
1075,CCCCN1C2=C(C(=O)N(C1=O)CC3=CC=CC=C3F)NC(=N2)CC4=CC=C(C=C4)NC(=O)C
1076,CC(C)OC(=O)C
1077,C1=CC(=C(C=C1OCCCC(=O)O)Cl)NC(=O)NC(=O)C2=C(C=C(C=C2)Cl)Cl
1078,C1(=C(C(=C(C(=C1Br)Br)Br)Br)Br)O
1079,CCCCCCCCCCCCCCCCCCO
1080,C[C@H](CCCC(C)C)[C@H]1CC[C@@H]2[C@@]1(CC[C@H]3[C@H]2CC[C@@H]4[C@@]3(CC[C@@H](C4)O)C)C
1081,CC1=C2C=CC3=CC=CC=C3C2=C(C4=CC=CC=C14)C
1082,C1=C(C=C(C(=C1I)O)I)[N+](=O)[O-]
1083,CCN(CC)C(=O)[C@H]1CN([C@@H]2CC3=CNC4=CC=CC(=C34)C2=C1)C
1084,COCCOC
1085,C([C@H]([C@H]([C@@H]([C@H](C(=O)[O-])O)O)O)O)O.C([C@H]([C@H]([C@@H]([C@H](C(=O)[O-])O)O)O)O)O.[Ca+2]
1086,C1CCC(C1)NC2=NC=NC3=C2N=CN3C4C(C(C(O4)CO)O)O
1087,CC1=C(SC(=N1)C)C2=NC(=NC=C2)NC3=CC=C(C=C3)C(F)(F)F
1088,CC(C)C(=O)C(=O)O
1089,CC1=C(C(=CC=C1)C)C2=CC(=CC(=C2)OC)[C@@H](C)C#CC3=C(N=C(N=C3N)N)C
1090,C1=CC2=C(C=CC=C2S(=O)(=O)N)C(=C1)O
1091,C1=C(C=C(C(=C1[N+](=O)[O-])Cl)[N+](=O)[O-])[N+](=O)[O-]
1092,C1=CC=C(C(=C1)C(=O)O)NC(=O)C(=O)O
1093,C1=NC2=C(C(=N1)N)N=CN2[C@H]3[C@@H]([C@@H]([C@H](O3)COP(=O)(O)OP(=O)(O)OP(=O)(O)OP(=O)(O)O)O)O
1094,C(C=O)C(=O)O
1095,CC(=C)CCOP(=O)(O)OP(=O)(O)O
1096,C1=CC(=C(C=C1C[C@@H](C(=O)O)N)F)O
1097,C(C(=O)C(=O)O)S(=O)(=O)O
1098,CC(C=O)O
1099,CNC(=C)C(=O)O
1100,C1[C@H](NO[C@@]12[C@@H]([C@H]([C@@H]([C@H](O2)CO)O)O)O)C3=CC4=CC=CC=C4C=C3
1101,C=CC(=O)NC1=CC2=C(C=C1)N=CN=C2NC3=CC(=CC=C3)Br
1102,CN(C)CC/C=C\1/C2=CC=CC=C2COC3=C1C=C(C=C3)CC(=O)O
1103,C1=CC=C2C(=C1)C=CC=C2COC3=C(N=CC=C3)N
1104,CC1=CC=CC(=N1)C2=C(CNN2)C3=NC4=C(C=C3)N=CC=C4
1105,C(C(C(C(C(COP(=O)(O)O)O)O)O)N)O
1106,C1=CC=C2C(=C1)C(=CC=[N+]2[O-])[N+](=O)[O-]
1107,C[N+](C)(C)CCCC(=O)O
1108,CC(=O)NC1C(C(C(OC1NC(=O)CC(C(=O)O)N)CO)O)O
1109,C1=CC=C2C(=C1)C=CC(=N2)COC3=CC=C(C=C3)C4=C(C=NN4)C5=CC=NC=C5
1110,C[C@@H]([C@@H](CCC1=CC=CC2=CC=CC=C21)N3C=C(N=C3)C(=O)N)O
1111,C1=C(N=C2C(=N1)NC(=NC2=O)N)C(C(CO)O)O
1112,CC1=C(SC(=N1)C2=CC=C(C=C2)C(F)(F)F)C(=O)NCC3=CC=C(C=C3)OC(C)(C)C(=O)O
1113,C1COCCN1C2=CC=C(C=C2)SC3=CC=CC4=C3C(=NC(=N4)N)N
1114,C1=CC2=C(C=CC3=C2C(=C1)C(=O)NC3=O)N
1115,C1CN2C(=NN=C2C(F)(F)F)CN1C(=O)C[C@@H](CC3=CC(=C(C=C3F)F)F)N
1116,C1=CC2=C(C=C1Cl)C=C(N2)C(=O)NCCOCCOCCNC(=O)C3=CC4=C(N3)C=CC(=C4)Cl
1117,C1=CC=C(C=C1)CCC(=O)NC2=CC3=C(C=C2)C=CN3CC[C@H](CO)N4C=C(N=C4)C(=O)N
1118,C(C1C(C(C(C(O1)OC2C(OC(C(C2O)O)OC3C(OC(C(C3O)O)OC4C(OC(C(C4O)O)O)CO)CO)CO)O)O)O)O
1119,C1=CC(=CC(=C1)Cl)C\2=CNN/C2=C/3\C=C(N=C3)C(=O)N[C@H](CO)C4=CC(=C(C=C4)F)Cl
1120,[NH4+].[OH-]
1121,C1=CC=C(C=C1)CN
1122,C1=CC=C2C(=C1)C3=CC=CC=C3N2
1123,CCOC(=O)[C@H](CCC1=CC=CC=C1)N[C@@H](C)C(=O)N2CC3(C[C@H]2C(=O)O)SCCS3
1124,CC(C=O)C(=O)O
1125,CC(=O)[O-].CC(=O)[O-].[Fe+2]
1126,CC(=O)CCC(=O)C
1127,CN(CCCCCCCCCCN(C)C(=O)OC1=CC=CC(=C1)[N+](C)(C)C)C(=O)OC2=CC=CC(=C2)[N+](C)(C)C.[Br-].[Br-]
1128,C1CC(C(CNC1)NC(=O)C2=CC=C(C=C2)O)OC(=O)C3=CC(=C(C(=C3)O)C(=O)C4=C(C=CC=C4O)C(=O)O)O
1129,CN1CCC(=C2C3=C(C(=O)CC4=CC=CC=C42)SC=C3)CC1
1130,CC(=O)NC1=C(NN=C1)C(=O)NC2=CC=C(C=C2)F
1131,OP(=O)(O)OP(=O)(O)O
1132,CC1CO1
1133,C([C@@H](C(=O)O)N)SS(=O)(=O)O
1134,C(C(C(C(C(CO)O)O)O)O)O
1135,CN1CCN(CC1)CCCN2C3=CC=CC=C3SC4=C2C=C(C=C4)S(=O)(=O)N(C)C
1136,C1CN2C(=N1)C3=CC=CC=C3C2(C4=CC=C(C=C4)Cl)O
1137,CC(C)[C@H](C(=O)NO)N(CC1=CN=CC=C1)S(=O)(=O)C2=CC=C(C=C2)OC
1138,C1=CC=C(C=C1)C2(C(=O)NC(=O)N2)C3=CC=CC=C3
1139,CC1=CN(C(=O)NC1=O)[C@H]2C[C@@H]([C@H](O2)CO)N=[N+]=[N-]
1140,CC1=CC(=NO1)NS(=O)(=O)C2=CC=C(C=C2)N
1141,COCCOCCOC
1142,C1CC1C2=CC(=NN2)NC(=O)CC3=CC4=CC=CC=C4C=C3
1143,C1=CC=C2C(=C1)C=CC=C2CC(=O)O
1144,C1CCC(CC1)COC2=NC(=NC3=C2NC=N3)NC4=CC=C(C=C4)O
1145,CN(C)CCO
1146,C1[C@@H]2C[C@@H]2N([C@@H]1C#N)C(=O)[C@H](C34CC5CC(C3)CC(C5)(C4)O)N
1147,CC(C)(C)NCC(C1=CC(=C(C=C1)O)CO)O
1148,C(CON=C(N)N)[C@@H](C(=O)O)N
1149,C(CNC(CO)(CO)CO)CNC(CO)(CO)CO
1150,C1=C(C=C(C(=C1I)I)C(=O)O)I
1151,C[C@H]1C[C@H]2[C@@H]3CC[C@@]([C@]3(C[C@@H]([C@@]2([C@@]4(C1=CC(=O)C=C4)C)F)O)C)(C(=O)C)O
1152,CC1CC2C3CCC4=CC(=O)C=CC4(C3C(=O)CC2([C@]1(C(=O)CO)O)C)C
1153,CC(C)[C@H](CO)NC1=NC2=C(C(=N1)NC3=CC(=CC=C3)Cl)N=CN2C(C)C
1154,C1=CC(=C(C=C1O)O)C2=C3C=CC(=O)C=C3NN2
1155,C(CC(=O)O)C(=O)CC(=O)O
1156,CC(C)(C)OC(=O)N1CC2=C(C[C@@H]1C(=O)NC)C=CC(=C2)NS(=O)(=O)O
1157,CCC(=O)C(CC(C)N(C)C)(C1=CC=CC=C1)C2=CC=CC=C2
1158,C[C@H](C(=O)O)OC1=CC=C(C=C1)OC2=C(C=C(C=C2)Cl)Cl
1159,CC1=C(C=CC=C1OCCCCC(=O)O)NC(=O)NC(=O)C2=C(C=C(C=C2)Cl)Cl
1160,C1CO1
1161,CN1C2=C(C(=O)N(C1=O)C)NC=N2
1162,C1=CC(=CC=C1C(=O)O)[Hg]
1163,CC(CC1=CC=C(C=C1)O)NC
1164,C1=CN(C(=O)N=C1N)C2C(C(C(O2)COP(=O)(O)OP(=O)(O)OC3C(C(C(C(O3)CO)O)O)O)O)O
1165,CC1CNC2=C(N1)C(=O)N=C(N2)N
1166,C[C@H]1C[C@@H]2[C@H](CC[C@]3([C@H]2CC[C@@]3(C(=O)C)OC(=O)C)C)[C@@]4(C1=CC(=O)CC4)C
1167,C1=CC(=C(C=C1/C=C/C2=CC(=CC(=C2)O)O)O)O
1168,C(CC(=O)O)CO
1169,C(C(=O)O)N(C=O)O
1170,CCCCN1C2=C(C(=O)N(C1=O)CC=C)NC(=N2)CC3=CC=C(C=C3)NC(=O)C
1171,C1COC1=O
1172,C1CNCC(C2=CC(=C(C=C21)O)O)C3=CC=CC=C3
1173,CN1CC[C@@]23C=C[C@@H](C[C@@H]2OC4=C(C=CC(=C34)C1)OC)O
1174,CN1C2=C(C(=O)N(C1=O)C)NC=N2.CN1C2=C(C(=O)N(C1=O)C)NC=N2.C(CN)N
1175,CCCCCC1=CC2=C([C@@H]3C=C(CC[C@H]3C(O2)(C)C)C)C(=C1)O
1176,C(=O)(C(=O)O)N
1177,CCOC(=O)C1=C2CN(C(=O)C3=C(N2C=N1)C=CC(=C3)F)C
1178,CC[C@@]1(C2=C(COC1=O)C(=O)N3CC4=CC5=CC=CC=C5N=C4C3=C2)O
1179,CC1=CC2=C(C=C1C)N(C3=NC(=O)NC(=O)C3=N2)C[C@@H]([C@@H]([C@@H](CO)O)O)O
1180,C[C@]12CC[C@H]3[C@H]([C@]1(CC[C@@H]2C4=CC(=O)OC4)O)CC[C@]5([C@@]3(CC[C@@H](C5)O)C=O)O
1181,C(#N)S
1182,CNCCC1=CC(=C(C=C1)O)O
1183,CC1=CC2=C(C=C1S(=O)(=O)N3CCN(CC3)C)S(=O)(=O)N[C@H](N2)C4CCCC4
1184,CN(C)C(=O)OC1=CC=CC(=C1)[N+](C)(C)C
1185,C1=CC=C(C=C1)CCC(=O)O
1186,CC(=O)NC1=CC=C(C=C1)O
1187,CC(C)N
1188,C=C(C(=O)O)OP(=O)(O)O
1189,C1=CC(=CC=C1CCNC2=NC=NC3=C2N=CN3C4C(C(C(O4)CO)O)O)N
1190,C1=CC(=CC=C1C2=CC3=C(C=C2)C(=C(C=C3)O)Cl)O
1191,CCN1C(=O)CCC1=O
1192,CC(C)NCC(COC1=CC=CC=C1CC=C)O
1193,CC1=CC=C(CC1)C(C)C
1194,CC(C)CC1=CC=C(C=C1)C(C)C(=O)O
1195,C[C@@H]([C@H](CCC1=C2C(=CC=C1)N=C(O2)C3=CC=C(C=C3)Cl)N4C=C(N=C4)C(=O)N)O
1196,C1=C(NC(=O)N=C1)N
1197,CCC(C)CO
1198,CC1=C(SC(=N1)C)C2=NC(=NC=C2)/N=C/NO
1199,CC(C)C[C@H]([C@@H](C(=O)NO)O)C(=O)N[C@H](C(=O)NC)C(C)(C)C
1200,CC1=NC2=CC=CC=C2C(=C1)COC3=CC=C(C=C3)[C@@]4(CCN(C4=O)[C@H](C)C(=O)NO)C
1201,COC1=CC(=C(C=C1)OC)CC2=NC3=C(N2)C(=NC(=N3)F)N
1202,COC1=CC=CC(=C1)C(=O)N
1203,CCCCCCCC/C=C/CCCCCCCC(=O)O
1204,C[C@H](CCC(=O)O)[C@H]1CC[C@@H]2[C@@]1(C(=O)C[C@H]3[C@H]2C(=O)C[C@H]4[C@@]3(CCC(=O)C4)C)C
1205,C1=CC(=CC=C1[C@H](CN=[N+]=[N-])O)[N+](=O)[O-]
1206,CCCCCCCCCCCCCCCCS(=O)(=O)O
1207,C[C@@H]1CCN(C[C@@H]1N(C)C2=NC=NC3=C2C=CN3)C(=O)CC#N
1208,C(C[C@@H](C(=O)O)N)CN=C(N)N
1209,C1=CC(=CC=C1C(C2=CC=C(C=C2)Cl)C(Cl)(Cl)Cl)Cl
1210,C(CSSCCO)O
1211,CCCCCCCCS[C@H]1[C@@H]([C@H]([C@@H]([C@H](O1)CO)O)O)O
1212,CCCCN1C(=NC2=C1N=CN=C2N)CC3=CC4=C(C=C3)OCO4
1213,CC1=C2CCC3=C2C(=CC4=C3C=CC5=CC=CC=C54)C=C1
1214,C1=CSC(=C1)C(=O)CC(=O)C(F)(F)F
1215,C1=CC=C(C(=C1)C(=O)CCC(=O)O)N
1216,C(C(=O)O)N(CC(=O)O)CC(=O)O
1217,C1=CC=C(C=C1)C2=CC=C(C=C2)CC(=O)O
1218,C1=CC=C2C(=C1)C(=O)C=C(O2)O
1219,C=CC1=CC=CC=C1
1220,CCN(C)CC1=CN=C(N=C1N)C
1221,CC(=O)C(=O)C
1222,C(=O)(C(F)(F)F)O
1223,CNCC(C1=CC(=CC=C1)O)O
1224,C1=CC=NC(=C1)C2=CC=CC=N2
1225,COC1=CC=C(C=C1)CCN2CCC(CC2)NC3=NC4=CC=CC=C4N3CC5=CC=C(C=C5)F
1226,CCCOC(=O)C1=CC(=C(C(=C1)O)O)O
1227,CC(CN1C2=CC=CC=C2SC3=CC=CC=C31)CN(C)C
1228,CC1=NC(=NC2=C1CSCC2)N
1229,C1CN2C3=CC=CC4=C3C=C(C=C4)OC5=C(C=CC(=C5)CN6C=NC=C6CCNC1C2=O)C#N
1230,CN1CCN(CC1)C(=O)O[C@H]2C3=NC=CN=C3C(=O)N2C4=NC=C(C=C4)Cl
1231,C1=CC=C(C(=C1)C=O)C=O
1232,CC1CCCO1
1233,C=CC(CCC(=O)O)N
1234,C(CNC(=O)N)C(=O)O
1235,C1=C(C(=NC(=O)N1[C@H]2[C@@H]([C@@H]([C@H](O2)CO)O)O)N)F
1236,C[N+](C)(C)C.[Cl-]
1237,C1=CC(=CC(=C1)C(=O)O)/C=N/OCCO/N=C/C2=CC(=O)NC(=O)N2
1238,CC(C(=O)C1=CC(=CC=C1)Cl)NC(C)(C)C
1239,C1C[C@H](NC1)C2=CC(=NN2)NC(=O)NC3=CC=CC4=C3[C@@H]5CCCN5C4=O
1240,C1=CC(=C(C=C1C2=C(C(=O)C3=C(O2)C=C(C=C3)O)O)O)O
1241,CN(C)C[C@@H](COC1=CC=C(C=C1)NC2=NC=C(C(=N2)NC3=CC=CC=C3)Br)O
1242,C1=CN(C=C1)C(=O)C2=C(C=C(C=C2O)O)O
1243,C1CCC(C1)(CN)C2=CC=CC=C2
1244,C1=CC(=C(C=C1[N+](=O)[O-])OS(=O)(=O)O)O
1245,CCN(CC)CCOC(=O)C1=CC=C(C=C1)N.CC1([C@@H](N2[C@H](S1)[C@@H](C2=O)NC(=O)CC3=CC=CC=C3)C(=O)O)C
1246,C1=CC=C2C(=C1)C=CC(=O)O2
1247,COC1=CC=C(C=C1)OC2=CC=CC3=C2C(=NC(=N3)N)N
1248,C1=CC(=CC=C1CO)O
1249,COC1=C(C=CC(=C1)NS(=O)(=O)C)NC2=C3C=CC=CC3=NC4=CC=CC=C42
1250,C1=CC=C2C=CC=CC2=C1
1251,COC1=C(C=C2C(=C1)N=CN=C2NC3=CC(=C(C=C3)F)Cl)OCCCN4CCOCC4
1252,CC1=C(C(=O)N2CCCC(C2=N1)O)CCN3CCC(CC3)C4=NOC5=C4C=CC(=C5)F
1253,C1=C(NC=N1)C[C@@H](C(=O)O)N
1254,C(C(C(C(C(CO)O)O)O)O)C(=O)C(=O)O
1255,C1CN(C[C@@H](N1)CC2=CC=CC=C2)C3=NN=C(C(=C3)C4=CC=NC=C4)C5=CC6=CC=CC=C6C=C5
1256,CCCCCCCCCCCCCCCC=O
1257,COC1=C(C(=C(C(=C1)CC2=NC3=C(N2CCCC#C)N=CN=C3N)Cl)OC)OC
1258,C1CCC2=NC3=CC=CC=C3C(=C2C1)NCC4=CC(=CC=C4)I
1259,CN(C)C=O
1260,CCCCC/C=C\C/C=C\[C@@H](CC(=O)CCCCC(=O)O)O
1261,C[N+](C)(C)CCO
1262,CC(=O)[O-].CC(=O)[O-].[Zn+2]
1263,CCCCCCCCNC(C)C(C1=CC=C(C=C1)SC(C)C)O
1264,CC1(C(=O)N2C(C(=O)N3CCCC3C2(O1)O)CC4=CC=CC=C4)NC(=O)C5CC6C(CC7=CNC8=CC=CC6=C78)N(C5)C
1265,C1CCC(CC1)COC2=NC(=NC3=C2NC=N3)NC4=CC=CC=C4
1266,N=O
1267,C12=C(NC(=O)N1)NC(=O)NC2=O
1268,C1CCC(CC1)COC2=NC(=NC3=C2NC=N3)N
1269,C([C@H]([C@H]([C@@H]([C@H](CO)O)O)O)O)O
1270,CC(=O)NC
1271,CC1=C(C=C(C=C1)C(=O)NC)NC2=NC=NC3=C2C=NN3C4=CC=CC=C4
1272,CC1=CC=CC(=C1O)C(=O)O
1273,CC[C@H](C(=O)O)N
1274,C(=C/C(=O)O)\C(=O)O
1275,C[C@@H](C1=CC=CC=C1)NC2=NC=C3C(=C2)C(=NO3)C4=CC(=CC(=C4)Cl)CCCO
1276,C(C(CBr)Br)Cl
1277,COC1=CC=CC(=C1N)C2=CC(=O)C3=CC=CC=C3O2
1278,CCCCO
1279,CCCN1C2=C(C(=O)N(C1=O)CCC)NC(=N2)C3CCCC3
1280,CN1C=C(N=C1)C[C@@H](C(=O)O)N
1281,C1=C(NC(=O)NC1=O)CC(=O)O
1282,CC1=NC=C(N1C(C)C)C2=NC(=NC=C2F)NC3=CC=C(C=C3)C(=O)N4CC[C@@H](C4)N(C)C
1283,C1=CC(=CC=C1C=O)O
1284,C[C@@H]1C2=NC(=NN2CCN1C(=O)C[C@@H](CC3=CC(=C(C=C3F)F)F)N)C(F)(F)F
1285,C1=CC=C2C(=C1)C=CC=C2N
1286,C([C@@H]1[C@@H]([C@@H]([C@H]([C@@H](O1)O[C@@H]2[C@H](O[C@@]([C@H]2O)(CO)O)CO)O)O)O)O
1287,CC1=C(C(=O)NO1)C[C@@H](C(=O)O)N
1288,COCC1=C2C(=CC(=C1)O)[C@@H]3CC(C[C@@H]3[C@@H](O2)C4=CC=C(C=C4)O)(F)F
1289,CCNC(=O)C1=CC2=C(N=C(N=C2S1)N)C3=CC(=C(C=C3Cl)Cl)OCCN4CCCC4
1290,CCCC1=NC2=C(C=C(C=C2N1CC3=CC=C(C=C3)C4=CC=CC=C4C(=O)O)C5=NC6=CC=CC=C6N5C)C
1291,C[C@H]1CNCCCN1S(=O)(=O)C2=CC=CC3=CN=CC(=C32)C
1292,C1CCOC1
1293,C1=C(C(=O)NO1)C[C@@H](C(=O)O)N
1294,CC(C)C[C@H]([C@H](CCCO)C(=O)NO)C(=O)N[C@H]1CCCCN(C1=O)CCOC
1295,CN1C2=C(CCC3=CN=C(N=C32)NC4=CC=CC=C4)C(=N1)C(=O)O
1296,CC1=CC2=C(C=C1C)N(C3=NC(=O)NC(=O)C3=N2)CC(C(C(COP(=O)(O)OP(=O)(O)OCC4C(C(C(O4)N5C=NC6=C5N=CN=C6N)O)O)O)O)O
1297,CCC(CC)N1C=CC2=C1C=CC3=C2C(=NC(=N3)N)N
1298,C([C@@H](C(=O)O)N)SP(=O)(O)O
1299,C1=C(C=C(C(=C1Br)O)Br)Br
1300,CC1=CC(=CC(=C1)C2=NC3=CC=CC=C3O2)C
1301,CCCCCCCCCCO
1302,C1=CC(=CC(=C1)C#N)C#N
1303,COC1=CC(=C(C=C1CCN)OC)Br
1304,CC(=O)NCCC1=CNC2=CC(=C(C=C21)OC)Cl
1305,C=CCBr
1306,C[C@H](CS)C(=O)N1CCC[C@H]1C(=O)O
1307,C1=CN(C(=O)NC1=O)[C@H]2[C@@H]([C@@H]([C@H](O2)COP(=O)(O)O)O)O
1308,C1=CC(=CC(=C1)[N+](=O)[O-])C(=O)NC2=CC(=C(C=C2)OC3=CC(=C(C=C3)C(=O)O)C(=O)O)NC(=O)C4=CC(=CC=C4)[N+](=O)[O-]
1309,C1CN(CCN1C/C=C/C2=CC=CC=C2)C(C3=CC=C(C=C3)F)C4=CC=C(C=C4)F
1310,C([C@H](CS)O)O
1311,CC(=CCC/C(=C/CC/C(=C/CONC(=O)CP(=O)(O)O)/C)/C)C
1312,CC1=NC=C(N1C2CC2)C3=NC(=NC=C3)NC4=CC=C(C=C4)S(=O)(=O)NC
1313,CC(C)(C)C1=C(C(=CC(=C1)C=C(C#N)C#N)Br)O
1314,CNN
1315,[F-].[Na+]
1316,C1[C@@H]([C@H]([C@@H]([C@H](N1CCO)CO)O)O)O
1317,C(C(C(C(C(C(=O)CO)O)O)O)O)OP(=O)(O)O
1318,C(C(C(C(=O)[O-])O)O)OP(=O)(O)O
1319,CN(C1CCCCC1)C2=NC=CC(=N2)C3=CN=C4N3C=CC=C4
1320,C1=CC(=C[N+](=C1)[C@H]2[C@@H]([C@@H]([C@H](O2)COP(=O)([O-])OP(=O)(O)OC[C@@H]3[C@H]([C@H]([C@@H](O3)N4C=NC5=C4N=CN=C5N)O)O)O)O)C(=O)N
1321,C1OC2=C(O1)C(=C(C=C2)Cl)NC3=NC(=NC=C3)NC4=CC(=CC=C4)S(=O)(=O)N
1322,CC1CCN=C(S1)N
1323,C[C@@H](CC1=CC=CC=C1)NC
1324,CC1=C(SCCO1)C(=O)NC2=CC=CC=C2
1325,C1CNCC2=CC=CC=C21
1326,CNC(=O)CN1CCC(CC1)NC2=NC=CC(=N2)C3=CN=C4N3C=CC=C4
1327,CCC1=NN(C(=O)N1CCOC2=CC=CC=C2)CCCN3CCN(CC3)C4=CC(=CC=C4)Cl
1328,C[C@@H]([C@H]1CC[C@@]2([C@@]1(CC[C@H]3C2=CC(=O)[C@H]4[C@@]3(C[C@@H]([C@@H](C4)O)O)C)C)O)[C@@H](CCC(C)(C)O)O
1329,C1=CC=C2C(=C1)C=CN2
1330,C1CCC(CC1)CCCCCO[C@H]2[C@@H]([C@H]([C@@H]([C@H](O2)CO)O[C@@H]3[C@@H]([C@H]([C@@H]([C@H](O3)CO)O)O)O)O)O
1331,CC1=C(NC(=C1C(=O)NC)C)/C=C\2/C3=C(C=CC(=C3)Cl)NC2=O
1332,CC(C)[C@@H](CO)NC1=NC2=C(C(=N1)NC3=CC(=CC(=C3)N)Cl)N=CN2C(C)C
1333,C1=NC2=C(N1)C(=O)N=C(N2)N
1334,CC1=C(C=C(C(=O)N1)C#N)C2=CC=NC=C2
1335,C1=C(C2=C(N1)C(=O)N=CN2)C3C(C(C(O3)CO)O)O
1336,C(CN(CC(=O)O)CC(=O)O)N(CC(=O)O)CC(=O)O
1337,C1=CN(C(=O)NC1=O)C[C@@H](C(=O)O)N
1338,C(CCC(=O)O)C[C@H](CCS)S
1339,C1=CC(=C(C=C1Cl)Cl)Cl
1340,CCC1=C(C(=NC(=N1)N)N)C2=CC=CC=C2
1341,C1=NC2=C(N1C3C(C(C(O3)CO)O)O)NC(=NC2=O)N
1342,CC1=C(C(=NO1)C2=CC=CC=C2)C(=O)NC3C4N(C3=O)C(C(S4)(C)C)C(=O)[O-]
1343,C1=CC2=C(NOC2=CC1=O)C3=CC(=C(C=C3O)O)Br
1344,C(=O)[O-]
1345,C1=CC=C(C(=C1)/C=N/OCCC(=O)O)C(F)(F)F
1346,CN1[C@@H]2CC[C@H]1CC(=O)C2
1347,CC(C)(C)C1=NN(C(=C1)NC(=O)NC2=CC=CC3=CC=CC=C32)C4=CC(=CC=C4)N
1348,C[C@H](C(C)(C)C)O[P@H](=O)C
1349,C1=CC=C(C(=C1)C2=CN3C=CN=C3C(=N2)NCC4=CN=CC=C4)F
1350,C1CCC2=C(P(C(=C2C1)C3=CC=CC=N3)C4=CC=CC=C4)C5=CC=CC=N5
1351,C1[C@@H]([C@H](CSS1)O)O
1352,C1=CC=C(C=C1)CS(=O)(=O)OC[C@@H](C(=O)O)N
1353,CN(C)CC(C1=CC=C(C=C1)O)C2(CCCCC2)O
1354,CCC/C(=C/C1=CC=C(O1)C2=CC(=CC=C2)C(=O)O)/[N+](=O)[O-]
1355,C1=CC=C(C(=C1)C(=O)N)NC2=NC(=NC=C2)NC3=CC(=CC=C3)O
1356,C[C@H](C1=CC=CC=C1Cl)OC2=C(SC(=C2)N3C=NC4=CC(=C(C=C43)OC)OC)C(=O)N
1357,C/C=C(/C(=O)O)\NC
1358,CC(C)(COP(=O)(O)OP(=O)(O)OCC1C(C(C(O1)N2C=NC3=C2N=CN=C3N)O)OP(=O)(O)O)C(C(=O)NCCC(=O)NCCS)O
1359,CO/C=C(\C1=CC=CC=C1OC2=NC=NC(=C2)OC3=CC=CC=C3C#N)/C(=O)OC
1360,CCOCCOCCOCCOCCOCCOCC
1361,CC(=O)OCC(=O)[C@H]1CC[C@@H]2[C@@]1(CC[C@H]3[C@H]2CCC4=CC(=O)CC[C@]34C)C
1362,CC(C)C1=NN2C=CC=CC2=C1C(=O)C(C)C
1363,C1=CC=C2C(=C1)C(=CN2)CCN
1364,CCOC(=O)[C@H](CCC1=CC=CC=C1)N[C@@H](C)C(=O)N2[C@H]3CCC[C@H]3C[C@H]2C(=O)O
1365,CC#CCOC1=CC=C(C=C1)S(=O)(=O)N2CCSC([C@@H]2C(=O)NO)(C)C
1366,CN1CCCCC1CCN2C3=CC=CC=C3SC4=C2C=C(C=C4)S(=O)C
1367,C1=CC(=C(C=C1[N+](=O)[O-])[N+](=O)[O-])F
1368,C=CC(=O)NC1=CC2=C(C=C1)N=CN=C2NC3=CC=CC=C3
1369,C1=CN=C(N=C1)[NH2+]S(=[OH+])(=O)C2=CC=C(C=C2)N.[Ag+]
1370,C1=CC=C(C=C1)NC(=O)C2=C(C=CC(=C2)[N+](=O)[O-])Cl
1371,CCN1C=NC2=C1N=CN=C2N
1372,CC(C)CCC(C(C)(C1CCC2(C1(CC(C3C2=CC(=O)C4(C3(CC(C(C4)O)O)C)O)O)C)O)O)O
1373,C1C[C@H](N(C1)C(=O)C[C@@H](CC2=CC=CC=C2F)N)CNC(=O)C3=CC=CC=C3
1374,C1=CC=C2C(=C1)C(=C3C=CC=CC3=N2)N
1375,CCCN1C(=NC(=C1C2=NC(=NC=C2)NC3CCCCC3)C4=CC(=C(C=C4)Cl)Cl)C5CCNCC5
1376,C1C=C[C@H]2C(=C1)C=CC3=C(N2CC4=CN=C5C(=N4)C(=NC(=N5)N)N)C=CC(=C3)O
1377,C[C@]12CCC(=O)C=C1CC[C@@H]3[C@@]2([C@H](C[C@]4([C@H]3CC[C@]4(C)O)C)O)F
1378,C1CN(CC2=C1SC=C2)CC3=CC=CC=C3Cl
1379,C1=CC(=CC=C1C#N)C2=CC=C(C=C2)OCCC(=O)NO
1380,C1[C@@H]([C@H](O[C@H]1N2C=CC(=O)NC2=O)COP(=O)(O)O)O
1381,C1=C(C=C2C(=C1Cl)C(=C(N2)C(=O)O)CCC(=O)O)Cl
1382,CN1C2CCCC1CC(C2)NC(=O)C3=NN(C4=CC=CC=C43)C
1383,CC1=CC=CC=C1[C@H]2CCCN2C(=O)C3=C(C=C(C=C3)O)O
1384,C1CN(CCC1NCC2=CC=CC=C2O)S(=O)(=O)NC3=CC(=CC=C3)OC4=CC=C(C=C4)F
1385,CCCCN(CCCC)CCCC
1386,CC(CO)C(=O)O
1387,CCCCCCCCCCCCSC1=NNN=C1C(=O)O
1388,C1[C@@H]2[C@H]([C@H]([C@@H](O2)N3C=NC4=C3N=CN=C4N)O)OP(=O)(O1)O
1389,C1=CC2=C(C(=C1)O)N=CC=C2
1390,C1C[C@@H]2N(C1)C(=O)C3=CC4=C(C=C3O2)OCCO4
1391,CC1=CC(=CC(=C1O)C)/C=C/C2=CC=CC=C2
1392,CC(C(=O)[O-])O.CC(C(=O)[O-])O.[Ca+2]
1393,C(CCN)C[C@@H](C(=O)O)N
1394,CN1CCC(CC1)OC(C2=CC=CC=C2)C3=CC=CC=C3
1395,CC1=C(C=C2C(=C1)C(CCC2(C)C)(C)C)C3(CC3)C4=NC=C(C=C4)C(=O)O
1396,CC(=O)SCCNC(=O)CCNC(=O)C(C(C)(C)COP(=O)(O)OP(=O)(O)OC[C@@H]1[C@H]([C@H]([C@@H](O1)N2C=NC3=C2N=CN=C3N)O)OP(=O)(O)O)O
1397,C1(=C(C2=NNN=C2C(=C1Br)Br)Br)Br
1398,C1=CC2=C(C=CN=C2)C(=C1)S(=O)(=O)NCCNCCOCC3=CC=C(C=C3)Cl
1399,CC(C)C[C@H](CC(=O)NO)C(=O)N[C@@H](CC1=CC=CC=C1)C(=O)NC
1400,COC1=CC(=CC(=C1OC)OC)NC2=NC=CC(=N2)NC3=C(C=CC4=C3OCO4)Cl
1401,CC(=C)C(=O)O
1402,C1=C(C(=O)NO1)C(=O)O
1403,CCOC(=O)C(=C)C
1404,CC(C)CC1CN2CCC3=CC(=C(C=C3C2CC1=O)OC)OC
1405,CN1C(=O)CN=C(C2=C1C=CC(=C2)Cl)C3=CC=CC=C3
1406,CC1=CC=CC(=N1)C2=NC3=CC=CC=C3C(=N2)NC4=CC5=C(C=C4)NN=C5
1407,CN1CCCC(CC1)N2C(=O)C3=CC=CC=C3C(=N2)CC4=CC=C(C=C4)Cl
1408,C1(=NONC1=O)C(=O)O
1409,C1=C(C=C(C(=C1[N+](=O)[O-])O)[N+](=O)[O-])[N+](=O)[O-]
1410,CCCO
1411,C1=CC=C2C(=C1)C(=O)/C(=C/3\C4=C(C=CC(=C4)Br)NC3=O)/N2
1412,CCN1CCCC1CNC(=O)C2=C(C=CC(=C2)S(=O)(=O)N)OC
1413,C(CS)C(=O)O
1414,C1=CC(=CC=C1C2=C(C=NN2)C3=CC=NC=C3)F
1415,C1CCC(CC1)COC2=NC(=NC(=C2N=O)N)NC3=CC=C(C=C3)C(=O)N
1416,C1CNCC2=C1C=CC(=C2)I
1417,CC1=C(C(=O)C2=CC=CC=C2C1=O)CCCCCC(=O)O
1418,CC(CCC(=O)O)C1CCC2C1(C(CC3C2C(CC4C3(CCC(C4)O)C)O)O)C
1419,C1=CC(=CC(=C1)OC[C@H](CO)O)C(=O)C2=C(N(N=C2)C3=CC=C(C=C3)F)N
1420,CC(C(=O)O)C(=O)SCCNC(=O)CCNC(=O)C(C(C)(C)COP(=O)(O)OP(=O)(O)OCC1C(C(C(O1)N2C=NC3=C2N=CN=C3N)O)OP(=O)(O)O)O
1421,C(CC=O)CC=O
1422,C1=CC=C2C(=C1)C=NC3=CC=CC=C23
1423,C[N+](C)(C)[O-]
1424,[NH4+].F.[F-]
1425,C1[C@@H](C(=O)N(C2=CC=CC=C21)CC(=O)NCCO)NC(=O)C3=CC4=C(N3)SC(=C4)Cl
1426,C1CCN2C(C1)NC(=O)C23CCN(CC3)CCCN4C5=CC=CC=C5CCC6=C4C=C(C=C6)Cl
1427,CC1=C(OC2=C1C(=CC=C2)OCCCNCC3=CN=CC=C3)C(=O)C4=NC=CN4C
1428,CC12CCC3C(C1CCC2OC(=O)CCC4CCCC4)CCC5=CC(=O)CCC35C
1429,CC1=NC(=NN1)C2=CC=CC=C2NC3=NC=NC4=C3C=CN4
1430,C(CSC[C@@H](C(=O)O)N)O
1431,C1COCCC1(C(=O)NO)S(=O)(=O)C2=CC=C(C=C2)OC3=CC=C(C=C3)C(F)(F)F
1432,CN(C)C[C@H](COC1=CC=C(C=C1)NC2=CC(=NC=N2)NC3=C(C=CC=C3F)F)O
1433,COC1=CC=C(C=C1)S(=O)(=O)N2C=C(C3=C2C=CC(=C3)OC)CCC(=O)O
1434,C1=C(C=C(C(=C1O)O)O)C2=C(C(=O)C3=C(C=C(C=C3O2)O)O)O
1435,COCCOC1=C(C=C2C3=CC(=NC(=C3C=NC2=C1)N)N4C=CN=C4)OC
1436,C(C(Br)(Br)Br)O
1437,CCCCCC
1438,C1=NC2=C(C(=N1)N)N=CN2C3C(C(C(O3)COP(=O)(O)OC(=O)C(CO)N)O)O
1439,C1=CC=C(C=C1)CNC(=O)NC2=CC3=C(C=C2)C=CN3CC[C@H](CO)N4C=C(N=C4)C(=O)N
1440,C1=CC=C(C=C1)CO
1441,C1C[C@@H](O[C@@H]1COP(=O)(O)O)N2C=CC(=NC2=O)N
1442,CCCCCCCCN
1443,C1=NC2=C(N1)C(=O)NC(=O)N2
1444,CS(=O)(=O)NC1=CC=CC(=C1)NC2=NC=CC(=N2)NC3=C(C=CC4=C3OCO4)Cl
1445,CCC(C1=CC=CC=C1)O
1446,C1C[C@H](NC1)CN
1447,CN1C=NC2=C1C(=C(C(=C2)C#N)C3=CC=CC=C3Cl)CN
1448,CC(C)(C)C(=O)O
1449,C1=CC=C(C=C1)C2=CN3C(=CN=C3C(=C2)NCC4=CN=CN=C4)Br
1450,C1=CC=C(C=C1)C(=O)C(=O)O
1451,C1=CC=C(C=C1)OC2=CC=C(C=C2)C(=O)NCC3=CC=CC=N3
1452,CC1=NC(=NN1C2=CC(=CC(=C2)Cl)Cl)C(=O)O
1453,CC(CC(=O)C(=O)O)O
1454,C1=C(NC(=O)NC1=O)C(=O)O
1455,C(C(Cl)(Cl)Cl)(Cl)Cl
1456,CCCCCCCCCCCCCCCCCC(=O)OCC(CO)OC(=O)CCCCCCCC=CCC=CCCCCC
1457,COCCOCCOCCOCCOCCO
1458,II
1459,C[N+](C)(C)C
1460,CC1=NC=CN1CC2CCC3=C(C2=O)C4=CC=CC=C4N3C
1461,CC1([C@@H](N2[C@H](S1)[C@@H](C2=O)NC(=O)[C@@H](C3=CC=CC=C3)N)C(=O)O)C
1462,CCC(C)O
1463,CSC[C@@H]1[C@H]([C@H]([C@@H](O1)N2C=CC3=C2N=CN=C3N)O)O
1464,C1=CC(=CC=C1C2=CC=C(O2)/C=C\3/C(=O)N=C(S3)N)C(=O)O
1465,CN(C)C[C@H](COC1=CC=C(C=C1)NC2=CC(=NC=N2)NC3=C(C=CC(=C3)C(F)(F)F)F)O
1466,COCC(COC)N1C=CC2=C1C=CC3=C2C(=NC(=N3)N)N
1467,C1=CC=C(C=C1)CN2C=CN=C2
1468,C1COCCN1C2=CC(=O)C3=C(O2)C(=CC=C3)C4=CC=CC=C4
1469,CCCCC[C@@H](/C=C/[C@@H]1[C@H]([C@H](CC1=O)O)C/C=C\CCCC(=O)O)O
1470,CC(CCC1=CC=C(C=C1)O)NCCC2=CC(=C(C=C2)O)O
1471,CC(C)C
1472,C1=C2C3=C(C(=C1O)O)OC(=O)C4=CC(=C(C(=C43)OC2=O)O)O
1473,C1=CC(=C(C=C1C(=O)O)O)O
1474,COP(=O)(OC)OC
1475,C1=CC(=C(C=C1[N+](=O)[O-])[N+](=O)[O-])O
1476,COC1=CC(=CC(=C1)C2=NC(=C(C(=N2)N)CN)C3=C(C=C(C=C3)Cl)Cl)OC
1477,CCC(C1=CC=CC=C1)C(=O)O
1478,C1CNC1C(=O)O
1479,CCOC(=O)C1=CC=CC=C1C(=O)OCC
1480,CCN(CC)C(=O)C1=CN=CC=C1
1481,C1C[C@H](N([C@H]1C2=CC=CC=C2)C(=O)CNC(=O)[C@H](CC3=CC=CC=C3)S)C(=O)O
1482,CNC[C@@H](C1=CC(=CC=C1)O)O
1483,C[C@@H](CCCC(C)(C)OC)C/C=C/C(=C/C(=O)O)/C
1484,CC[C@H](C)C(=O)O[C@H]1C[C@H](C=C2[C@H]1[C@H]([C@H](C=C2)C)CC[C@@H]3C[C@H](CC(=O)O3)O)C
1485,CC(CC1=CC=CC=C1)N
1486,C1CC(C(OC1CN)OC2C(CC(C(C2O)OC3C(C(C(C(O3)CO)O)N)O)N)N)N
1487,C1=CC(=CC=C1N)Cl
1488,CC(=O)N[C@@H](CC1=CC=C(C=C1)OC2=CC(=C(C(=C2)[N+](=O)[O-])O)[N+](=O)[O-])C(=O)O
1489,C1C[C@@H]2C3=C(C=CC=C3NC(=O)NC4=CC=CC=N4)C(=O)N2C1
1490,CNC(=NC)NCCC[C@@H](C(=O)O)N
1491,CC#C[C@@]1(CC[C@@H]2[C@@]1(C[C@@H](C3=C4CCC(=O)C=C4CC[C@@H]23)C5=CC=C(C=C5)N(C)C)C)O
1492,COC1=C(C=C(C=C1)[C@H]2CC(=O)NC2)OC3CCCC3
1493,C=CC(=O)N
1494,C[C@@H]1C[C@H]2[C@@H]3C[C@@H](C4=CC(=O)C=C[C@@]4([C@]3([C@H](C[C@@]2([C@]1(C(=O)CO)O)C)O)F)C)F
1495,CC[C@@]1(CC[C@@H]2[C@@]1(CC[C@H]3[C@H]2CCC4=CCCC[C@H]34)C)O
1496,C1=CC2=C(C(=C1)OCC(COC3=CC=CC4=C3C(=O)C=C(O4)C(=O)[O-])O)C(=O)C=C(O2)C(=O)[O-]
1497,C(C(Br)Br)(Br)Br
1498,C(C(C(=O)O)NC(=O)N)C(=O)O
1499,[OH-].[O-]P(=O)([O-])[O-].[O-]P(=O)([O-])[O-].[O-]P(=O)([O-])[O-].[Ca+2].[Ca+2].[Ca+2].[Ca+2].[Ca+2]
1500,C1=CC(=CC=C1C(=O)N[C@@H](CCC(=O)O)C(=O)O)NCC2=CN=C3C(=N2)C(=O)N=C(N3)N
1501,COC1=C(C=C(C=C1)O)NC(=O)NC(=O)C2=C(C=C(C=C2)F)Cl
1502,C[C@H]([C@H](C1=CN=C2C(=N1)C(=O)N=C(N2)N)O)O
1503,C1=CC=C(C=C1)C[C@H](C(=O)O)NC(=O)C(=O)O
1504,CC12CCC(=O)C=C1CCC3C2CCC4(C3CC[C@]4(C#C)O)C
1505,C1CCN(CC1)C2(CCN(CC2)CCCN3C4=CC=CC=C4CCC5=CC=CC=C53)C(=O)N
1506,C1=C(C(=O)NC(=O)N1C[C@@H](C(=O)O)N)Br
1507,COC1=C(C=C2C3=C(C4=CC5=C(C=C4C3)OCO5)[NH+]=CC2=C1)OC
1508,C[C@H]1CCC/C=C/[C@@H]2C[C@@H](C[C@H]2[C@@H](/C=C/C(=O)O1)O)O
1509,CC1=CC(=C(C=C1)O)O
1510,C1CNCCN1
1511,CCC(=O)CC
1512,COC1=CC=C(C=C1)C2=C(N=C(N2)C3=CC=CS3)C4=CC=C(C=C4)OC
1513,CC1=C(C(=NC(=N1)N)N)C2=CC(=C(C=C2)Cl)Cl
1514,CS(=O)(=O)O
1515,CCC(C)C
1516,C1=CC(=CC=C1C2=CC(=O)C3=C(C=C(C=C3O2)O)O)O
1517,CCC1=CN=C(C=C1)CCOC2=CC=C(C=C2)CC3C(=O)NC(=O)S3
1518,COC1=CC=CC=C1CNCCCCCCNCCSSCCNCCCCCCNCC2=CC=CC=C2OC
1519,CN1C(=NN=N1)SCC2=C(N3[C@@H]([C@@H](C3=O)NC(=O)[C@@H](C4=CC=CC=C4)O)SC2)C(=O)O
1520,C1[C@H]([C@@H]([C@H]([C@@H]([C@H]1N)O[C@@H]2[C@@H]([C@H]([C@@H]([C@H](O2)CN)O)O)O)O)O[C@@H]3[C@@H]([C@H]([C@@H]([C@H](O3)CO)O)N)O)N
1521,C1=CNC2=CC(=C(C=C21)C(=O)O)NC(=O)C(=O)O
1522,C1C(O1)CO
1523,C1CCC(CC1)O
1524,COC1=CC=C(C=C1)S(=O)(=O)N2CCN(C[C@@H]2C(=O)NO)C(=O)OCC3=CC=CC=C3
1525,CCC1=C(C2=C(O1)C=C(C=C2)S(=O)(=O)NC3=CC=C(C=C3)S(=O)(=O)NC4=NC=CS4)C(=O)C5=CC(=C(C(=C5)Br)O)Br
1526,C/C=C(\C)/CC/C=C(\C)/CCC=C(C)C
1527,COS(=O)(=O)O
1528,C1=CC(=CC=C1CCN)O
1529,C1=CC=C2C(=C1)C=CC=N2
1530,C[C@@H]1[C@H]([C@@H]([C@H]([C@H](O1)O[C@@H]2[C@H](O[C@@H]([C@@H]([C@H]2O)O)O[C@@H]3[C@H](O[C@@H]([C@@H]([C@H]3O)O)O)CO)CO)O)O)N[C@H]4C=C([C@H]([C@@H]([C@H]4O)O)O[C@@H]5[C@@H]([C@H]([C@@H]([C@H](O5)CO)O[C@@H]6[C@@H]([C@H]([C@@H]([C@H](O6)CO)O)O)O)O)O)CO
1531,CC(CCCN)NC1=C2C(=CC(=C1)OC)C=CC=N2
1532,C(C(CC(=O)O)C(=O)O)C(=O)O
1533,C1CCC(C(C1)N)N
1534,CCOC(=O)[C@H](CC1=CC=CC=C1)NC(=O)[C@@H]2CSCCN2S(=O)(=O)C3=CC=C(C=C3)C
1535,CN(CCCCON)C[C@@H]1[C@H]([C@H]([C@@H](O1)N2C(=NC3=C2N=CN=C3N)C=C)O)O
1536,C=COCC(F)(F)F
1537,COC1=C(C=C(C=C1)C(=O)NC2=C(C=NC=C2Cl)Cl)OC3CCCC3
1538,C1=C(C(=O)NC(=O)N1)I
1539,CN1CCN(CC1)S(=O)(=O)C2=CC3=C(C[C@@H](NS3(=O)=O)C4CCCC4)C=C2
1540,C1=CNC(=O)NC1=O
1541,C1CC(CNC1)C(=O)O
1542,C1CCNCC1
1543,CN1C2=CC=CC=C2C3=C4C(=C5C6=CC=CC=C6N(C5=C31)CCC#N)CNC4=O
1544,[HH]
1545,C1CNC(=O)C2=NC(=C[C@H]2[C@H]1C3=NC(=NC3=O)N)Br
1546,CC1=CC=CC=C1C(C2=CC=CC=C2)OCCN(C)C
1547,CC1=CC=CC=C1N
1548,C1=CC(=C(C2=C1C(=O)C3=C(C=CC(=C3C2=O)O)O)O)O
1549,CC1=CC[C@H]2C[C@@H]1[C@@H](OC2(C)C)C3=CC=C(C=C3)O
1550,CC1=C2[C@H](C(=O)[C@@]3([C@H](C[C@@H]4[C@]([C@H]3[C@@H]([C@@](C2(C)C)(C[C@@H]1OC(=O)[C@@H]([C@H](C5=CC=CC=C5)NC(=O)C6=CC=CC=C6)O)O)OC(=O)C7=CC=CC=C7)(CO4)OC(=O)C)O)C)OC(=O)C
1551,C1=CC=C(C=C1)C(=O)[O-]
1552,CCCC=O
1553,CC1=C(C(C(=C(N1)C)C(=O)OC)C2=CC=CC=C2[N+](=O)[O-])C(=O)OC
1554,C#CCN(CC1=CC2=C(C=C1)NC(=NC2=O)N)C3=CC=C(C=C3)C(=O)N[C@@H](CCC(=O)O)C(=O)O
1555,C[C@H]1C=C([C@@H]2[C@@H]([C@]1(CO[C@@H]2C3=CC=C(C=C3)O)CO)C)C
1556,C1=CC=C(C=C1)CCCCOCCCCCCNCC(C2=CC(=C(C=C2)O)CO)O
1557,CCCN=C(N)NCCCC(C(=O)O)N
1558,C1=CC=C2C(=C1)C(=O)C=C(O2)C3=CC=C(C=C3)Br
1559,C1=CC2=C(C=C1O)C(=CN2)CC(=O)O
1560,C1CCC2=NC3=CC=CC=C3C(=C2C1)NCC4=CC=CC=C4
1561,CCCCCCC(C)(C)C1=CC2=C([C@@H]3CC(=O)CC[C@H]3C(O2)(C)C)C(=C1)O
1562,C(CSC(=N)N)N
1563,C1CN(CC2=C1N=CN2)C3=NC=NC4=C3C(=CN4)Cl
1564,C[C@H]1[C@H]([C@H]([C@@H](C(O1)O)O)O)O
1565,CC1=C(C(=NC(=N1)N)N)C#C[C@H](C)C2=CC(=CC(=C2)C3=CC=CC=C3)OC
1566,C1=CC=C2C(=C1)C=C3C=CC=CC3=N2
1567,CC1=CC=CC=C1O
1568,CCCN1C=NC2=C1C(=O)N(C(=O)N2C)CCCCC(=O)C
1569,CC1=C(C(=NC(=N1)N)N)C#CC(C)(C)C2=CC(=C(C(=C2)OC)OC)OC
1570,CN(C)CCOC(C1=CC=CC=C1)C2=CC=C(C=C2)Br
1571,CC1=CN=C(N=C1N)C
1572,C1=CC=C2C(=C1)C3=C(C4=CC=CC=C4C3=O)N(C2=O)CCCC(=O)O
1573,C1=CC(=CN=C1)CC(O)(P(=O)(O)O)P(=O)(O)O
1574,C1COC2=C([C@]13C(=O)NC(=O)N3)C=C(C=C2)F
1575,C[C@H](CC1=CC=C(C=C1)OC)NC[C@@H](C2=CC(=C(C=C2)O)NC=O)O
1576,CC(C)C[C@H]([C@H](CSC1=CC=CS1)C(=O)NO)C(=O)N[C@@H](CC2=CC=CC=C2)C(=O)NC
1577,CC1=C(C=C(C=C1)C(=O)NC)N2C(=CC(=C(C2=O)Br)OCC3=C(C=C(C=C3)F)F)C
1578,C1=NC2=C(N1COC(CO)CO)NC(=NC2=O)N
1579,CC1=CC=C(C=C1)SC2=CC=CC3=C2C(=NC(=N3)N)N
1580,CC(C(CC(=O)O)C(=O)O)(C(=O)O)O
1581,CC(=O)[C@H]1CC[C@@H]2[C@@]1(CC[C@H]3[C@H]2CCC4=CC(=O)CC[C@]34C)C
1582,C1[C@H]([C@@H](C2=CC=CC=C21)O)NC(=O)C3=CC4=C(N3)SC(=C4)Cl
1583,CCCCCCCCCCCCCCCCCC(=O)OC
1584,C1=CC=C(C=C1)SC2=CC=CC3=C2C(=NC(=N3)N)N
1585,C1=CC2=C(C(=C(C=C2Cl)I)O)N=C1
1586,CC1=CC(=CC(=C1CC2=NCCN2)C)C(C)(C)C
1587,C1CCC(CC1)COC2=NC(=NC3=C2NC=N3)NC4=CC(=CC=C4)S(=O)(=O)N
1588,CC1=C(C=C2C(=C1)C[C@@H](NS2(=O)=O)C3CCCC3)S(=O)(=O)N4CCN(CC4)C
1589,CC(CCC(=O)NCCS(=O)(=O)O)[C@H]1CC[C@@H]2[C@@]1(CC[C@H]3[C@H]2[C@@H](C[C@H]4[C@@]3(CC[C@H](C4)O)C)O)C
1590,C[N+](C)(C)CCC(=O)C1=CC=CC2=CC=CC=C21
1591,CCCCC[C@@H](/C=C/C=C\CCCCCCCC(=O)O)O
1592,C(C(C(=O)O)O)OP(=O)(O)O
1593,C1=CC(=C(C=C1I)F)NC2=C(C=CC(=C2F)F)C3=NN=C(O3)NCCN
1594,CC(C)N1C2=NC(=NC=C2N=C1NC3=CC=CC=C3F)OC4=C(C=CC=C4F)F
1595,CS
1596,CC(=C)C1CCC(=CC1)C(=O)O
1597,C1=CC=C(C(=C1)O)F
1598,C1=NC2=C(C(=N1)N)N=CN2C3C(C(C(O3)COP(=O)(O)OP(=O)(CP(=O)(O)O)O)O)O
1599,C[C@]12CC[C@H](C[C@@H]1CC[C@@H]3[C@@H]2CC[C@]4([C@H]3CC[C@@H]4O)C)O
1600,C(CC(=O)O)C(=O)CN
1601,C[C@]12CCC3=C([C@@H]1CC[C@@]2(C)O)C=CC4=C3C=CC(=C4)O
1602,C1C(=O)NC=N1
1603,C1(C(C(C(C(C1OP(=O)(O)O)OP(=O)(O)O)O)OP(=O)(O)O)OP(=O)(O)O)O
1604,CCCCCCCCCCOC[C@@H](COCC(F)(F)F)OP(=O)(O)OC
1605,COC1=C(C(=C(C(=C1F)F)C(=O)N)F)F
1606,[O-][As]([O-])[O-]
1607,CC(C(=O)O)Cl
1608,C1CCC2=C(CC1)C(=O)OC3=C2C=CC(=C3)OS(=O)(=O)N
1609,CCOC(=O)C1=C(N(N=C1C)C2=CC=C(C=C2)N)C
1610,C[C@@H](CNS(=O)(=O)C)C1=CC=C(C=C1)C2=CC=C(C=C2)[C@@H](C)CNS(=O)(=O)C
1611,CC#C[C@H]1CC[C@H](N1C(=O)[C@H](C2CCCC2)N)CN
1612,CC(CCC1=CC=CC=C1)NCC(C2=CC(=C(C=C2)O)C(=O)N)O
1613,CC(C)(C)OO
1614,C1=CC(=CC=C1C(=O)O)O
1615,C1COCCN1CCNC2=CC\3=C(C=C2)ON/C3=C/4\C=C(C(=CC4=O)O)Cl
1616,CNC(=O)[C@H](CC1=CC=CC=C1)NC(=O)NC2=NNC(=S)S2
1617,CC1=CC(=CC(=C1CC2=CC(=C(C=C2)O)CC3=CC=CC=C3)C)OCC(=O)O
1618,CC1([C@@H](N(CCS1)S(=O)(=O)C2=CC=C(C=C2)OCC#CCN)C(=O)NO)C
1619,C1C(=O)NC2=C(C=C(C=C2)Cl)C(S1)C3=CC=CC=C3Cl
1620,CC(=O)CCC(=O)[O-].CC(=O)CCC(=O)[O-].[Ca+2]
1621,C[C@]12CC[C@H](C[C@H]1CC[C@@H]3[C@@H]2CC[C@]4([C@H]3CCC4=O)C)O
1622,COC1=C(C=C2C(=C1)C(=NC=N2)N3CC[C@H](C3)OC4=CC5=CC=CC=C5C=C4)OC
1623,CN1CCC[C@@H]1CCN2C=C(C3=CC=CC=C32)C4=C(C(=O)NC4=O)C5=CNC6=CC=CC=C65
1624,C1=CC(=C(C=C1I)Cl)NC2=C(C=CC(=C2F)F)C(=O)NOC[C@@H](CO)O
1625,C(=O)(C(F)(F)F)OC(=O)C(F)(F)F
1626,C1=CC(=C(C(=C1)Cl)CC(=O)N=C(N)N)Cl
1627,C1=CC=C2C(=C1)C(=CN2)C[C@@H](C(=O)N)N
1628,C1=CC=NC(=C1)NS(=O)(=O)C2=CC=C(C=C2)N
1629,C1=CC2=C(C=CC(=C2)C(F)(F)P(=O)(O)O)C=C1C(=O)N[C@@H](CCC(=O)O)C(=O)N
1630,C1=NC(=O)C2=C(N1)N(C=N2)[C@H]3[C@@H]([C@@H]([C@H](O3)COP(=O)(O)OP(=O)(O)OP(=O)(O)O)O)O
1631,C(CC(=O)O)CN=C(N)N
1632,C(CC(=O)O)C(C(=O)O)O
1633,CCCC1=N[C@@H]2[C@H]([C@@H]([C@H](O[C@@H]2S1)CO)O)O
1634,CCCOC1=C(C=CC(=C1)[C@@]2(CNC(=O)O2)C)OC
1635,COC(=O)C1=C(C=CC=C1OC/C=C/C2=CC=CC(=C2)C3=C(C(=NO3)C(=O)O)CO)O
1636,C(=O)([O-])[O-].[Na+].[Na+]
1637,CCCC[C@@]12CCC(=O)C(=C1C3=C(C2)C=C(C=C3)O)Br
1638,CN(C)CCC(C1=CC=C(C=C1)Cl)C2=CC=CC=N2
1639,CC1=C(C=C(C=C1)C2=NN=C(O2)C)C3=CC=C(C=C3)C(=O)NC4=CC=CC(=C4)C#N
1640,COC1=C(C=C2C(=C1)C(=NC(=N2)N3CCN(CC3)C(=O)C4CCCO4)N)OC
1641,CP(=O)(CC(=O)CC(=O)O)O
1642,C1=CC=C(C=C1)COC(=O)C2=CC=CC=C2
1643,C(C(=O)COP(=O)(O)O)O
1644,COC1=C(C(=C(C(=C1)N)OC)CCOC(=O)C2=CC(=C(C=C2O)O)Cl)OC
1645,CS(=O)(=O)C1=CC(=C(C=C1)C2=NOC(=N2)[C@@H](CC3CC3)[C@@H](C(=C4CCCC4)F)N)Cl
1646,CCCCN1CCCCC1C(=O)NC2=C(C=CC=C2C)C
1647,C1CCN(C1)CC2=CC=C(C=C2)N/C=C\3/C4=C(C=CC(=C4)Br)C(=O)NC3=O
1648,CNS(=O)(=O)CC1=CC2=C(C=C1)NC=C2CCN(C)C
1649,C1=CC(=C(C(=C1)Cl)Cl)C2=NC3=C(C=NN3C(=C2)NCC4=CC=NC=C4)SC#N
1650,C[C@]12CC[C@H]3[C@H]([C@@H]1CC[C@]2(C)O)CC[C@@H]4[C@@]3(COC(=O)C4)C
1651,C#CCN(CC1=CC2=C(C=C1)NC(=NC2=O)N)C3=CC=C(C=C3)C(=O)NC(CCC(=O)O)C(=O)O
1652,O[W](=O)(=O)O
1653,C1CCN(CC1)CC2=CC3=C/C(=C/4\C5=C(C=C(C=C5)C6=NNN=C6CO)NN4)/N=C3C=C2
1654,C1=C(C=C(C(=C1I)O)I)C[C@@H](C(=O)O)N
1655,[K+].[I-]
1656,CC1=NC2=C(N1)CCN(C3=CC=CC=C32)C(=O)C4=CC=C(C=C4)NC(=O)C5=CC=CC=C5C6=CC=CC=C6
1657,C(C(C(=O)O)N)OP(=O)(O)O
1658,C([C@@H](C(=O)O)N)C(=O)OP(=O)(O)O
1659,C[C@@H](C1=CC=CN1)C2=C3C=C(C=CC3=NC2=O)O
1660,C1=C(C=C(C=C1[N+](=O)[O-])[N+](=O)[O-])[N+](=O)[O-]
1661,COC1=CC=C(C=C1)S(=O)(=O)N2C[C@H](C[C@@H]2C(=O)NO)NOC
1662,CC1=C(C(=O)C2=C(C1=O)N3CC(CC3=C2COC(=O)N)N)N
1663,CC1=C(N2C=CC=CC2=N1)C3=NC(=NC=C3)NC4=CC=C(C=C4)OC[C@H](CN(C)C)O
1664,CC1=C(SC(=N1)NC)C2=NC(=NC=C2)NC3=CC=C(C=C3)O
1665,CCN(CC)CCCC(C)NC1=C2C=C(C=CC2=NC3=C1C=CC(=C3)Cl)OC
1666,CCCCCCCCCCCCCCCCCCOCC(COP(=O)([O-])OCC[N+](C)(C)C)OC
1667,CSC[C@@H](C(=O)O)N
1668,C1=CC(=NC=C1Cl)NC(P(=O)(O)O)P(=O)(O)O
1669,CN(C)CCC1=CNC2=C1C=C(C=C2)OC
1670,CCN1C2=NC=C(C(=C2C=N1)NC3CCOCC3)C(=O)NCC4=CC=CC=C4
1671,C1=CC2=NC=CN=C2C=C1/C=C\3/C(=O)NC(=O)S3
1672,CC1=NC=C(C(=N1)N)CN
1673,C1=CC=C(C=C1)C2=NC3=C(C=NN3C(=C2)NCC4=CN=CC=C4)CO
1674,C1=CC=C(C(=C1)C(=O)O)NC2=CC=CC=C2C(F)(F)F
1675,CN1C2=C(C(=N1)C3=CC4=CC=CC=C4C=C3)C(=NC=N2)N
1676,C[C@@]\1(C2=CC=CC=C2N/C1=C\3/C4=C(C=CC(=C4)S(=O)(=O)N5CCC(CC5)O)NC3=O)O
1677,CC=C(C)C=CC=C(C)C=CC1=C(CCCC1(C)C)C
1678,COC1=CC=CC(=C1)C2=CC(=C(C=C2)NC(=O)C3=C(SC=C3)C(=O)O)F
1679,CC(=O)CC(=O)O
1680,CC(C)C[C@@H](CN1CCCN2[C@H]1CCC2)N
1681,CCC(C)(C)C(=O)C(=O)N1CCC[C@H]1C(=O)OCCCC2=CN=CC=C2
1682,CS[C@@H]1[C@H]([C@H]([C@H]([C@H]1O)O)O)NCC2=CC=CC=C2
1683,C1CN(CCN1CCOCC(=O)O)C(C2=CC=CC=C2)C3=CC=C(C=C3)Cl
1684,C1=NC2=C(N1[C@H]3[C@@H]([C@@H]([C@H](O3)COP(=O)(O)OP(=O)(O)O[C@@H]4[C@H]([C@H]([C@@H]([C@H](O4)CO)O)O)O)O)O)NC(=NC2=O)N
1685,C[C@@H](CC1=CC=CC=C1)N.C[C@@H](CC1=CC=CC=C1)N.OS(=O)(=O)O
1686,COC(=O)CC(=O)OC
1687,S
1688,CC(CC(=O)O)(C(=O)O)O
1689,CCCCOC1=C(C=CC(=C1)C[C@@H]2CNC(=O)N2)OC
1690,C1=C2C(=NC=N1)N=CN2
1691,C1=CC(=C(C=C1O)O)C(=O)O
1692,C(CC(O)(P(=O)(O)O)P(=O)(O)O)CN
1693,CCCCC(=O)O
1694,C1=CC(=CC=C1C=O)[N+](=O)[O-]
1695,CC1=NC2=CC=CC=C2C(=C1)COC3=CC=C(C=C3)C[C@@]4(C[C@@H]4C(=O)NO)C(=O)OC
1696,CCCCCCCCOCCOCCOCCOCCOCCO
1697,CC1=C(C2=CC3=NC(=CC4=C(C(=C([N-]4)C=C5C(=C(C(=N5)C=C1[N-]2)C)CCC(=O)O)CCC(=O)O)C)C(=C3C)C=C)C=C.[Co+2]
1698,C1=CC=C(C(=C1)C(=O)O)NC2=CC=CC(=C2)C(F)(F)F
1699,CC1=NC=C(C(=C1O)CNOCC(=O)O)COP(=O)(O)O
1700,C[C@@H](C(=O)C1=CC=CC=C1)N
1701,C[C@]1([C@@H]([C@H]([C@@H]([C@H](O1)CO)O)O)O)OP(=O)(O)O
1702,CCN(CC)CC#CCOC(=O)C(C1CCCCC1)(C2=CC=CC=C2)O
1703,NS(=O)(=O)O
1704,CC1=C(C=C(C=C1)C(=O)NC2CC2)C3=C(C=C(C=C3)C4=NN=C(O4)C)C
1705,C[C@H](C(=O)O)OC1=CC=C(C=C1)OC2=C(C=C(C=N2)C(F)(F)F)Cl
1706,C1=CC(=CC=C1C2=C(C(=O)C3=C(C=C(C=C3O2)O)O)O)O
1707,CCCC1=NC(=C2N1NC(=NC2=O)C3=C(C=CC(=C3)S(=O)(=O)N4CCN(CC4)CC)OCC)C
1708,C(CS)[C@@H](C(=O)O)N
1709,C(=O)(N)[O-]
1710,C1=CC(=O)OC1=O
1711,C1CCC2(CC1)C(=O)N[C@H](C(=O)NC[C@@H](C/C=C/[C@@H](CC(=O)N2)C3=CC=C(C=C3)CP(=O)(O)O)CC4=CC=CC5=CC=CC=C54)CC(=O)N
1712,C(=O)(C(=O)[O-])[O-].[NH4+].[NH4+]
1713,C1CCC(CC1)COC2=NC(=NC(=C2N=O)N)N
1714,C1CCC(=O)CC1
1715,C1CC(=C(C1)C(=O)O)C(=O)NC2=C(C=C(C=C2F)C3=CC(=CC=C3)OC(F)(F)F)F
1716,C1=CC(=CC=C1C[C@@H](C(=O)N)N)O
1717,C1=C(C=C(C(=C1Cl)O)Cl)C2=CC(=C(C(=C2)Cl)O)Cl
1718,C1CN=C(N1)NC2=C(C3=NC=CN=C3C=C2)Br
1719,C1=CC=C2C(=C1)C(=NN2)C(=O)NC3=CC=C(C=C3)S(=O)(=O)N
1720,C([C@@H]1[C@H]([C@@H]([C@H]([C@H](O1)OP(=O)(O)O)O)O)O)O
1721,CN(CCCNC(=O)C1CCCO1)C2=NC3=CC(=C(C=C3C(=N2)N)OC)OC
1722,C1C(C(C(C(C1N)OC2C(C(C(C(O2)CN)O)O)O)O)OC3C(C(C(C(O3)CO)O)N)O)N
1723,C[C@@H]1[C@]([C@@H]([C@H](O1)O[C@@H]2[C@H]([C@@H]([C@H]([C@@H]([C@H]2O)O)N=C(N)N)O)N=C(N)N)O[C@@H]3[C@@H]([C@H]([C@@H]([C@H](O3)CO)O)O)NC)(C=O)O
1724,N#N
1725,CN(CC1=CN=C2C(=N1)C(=NC(=N2)N)N)C3=CC=C(C=C3)C(=O)N[C@@H](CCC(=O)O)C(=O)O
1726,C1CNCC2=C1C=CC(=C2)S(=O)(=O)N
1727,CCCC[C@H](CN(C=O)O)C(=O)N[C@H](C(=O)N(C)C)C(C)(C)C
1728,CN(CC(=O)O)C(=S)C1=CC=CC2=C1C=CC(=C2C(F)(F)F)OC
1729,CN(C)S(=O)(=O)C1=CC2=C(C=C1)SC3=CC=CC=C3N2CCCN4CCC(CC4)CCO
1730,C[C@@]12[C@](C[C@@H](O1)N3C4=CC=CC=C4C5=C6C(=C7C8=CC=CC=C8N2C7=C53)CNC6=O)(C(=O)OC)O
1731,C1=CC(=C(C=C1C2=C(C=C(C=C2)F)F)C(=O)O)O
1732,C1=CC(=CC=C1C(=O)O)Cl
1733,CCOC(=O)C1=C(N(N=C1C)C2=CC=CC=C2Cl)C
1734,CC[N+](CC)(CC)CC
1735,C(C(=O)O)(C(=O)O)N
1736,C(CC(=O)N)C(=O)N
1737,C[C@]12CC[C@](C[C@H]1C3=CC(=O)[C@@H]4[C@]5(CC[C@@H](C([C@@H]5CC[C@]4([C@@]3(CC2)C)C)(C)C)O[C@@H]6[C@@H]([C@H]([C@@H]([C@H](O6)C(=O)O)O)O)O[C@H]7[C@@H]([C@H]([C@@H]([C@H](O7)C(=O)O)O)O)O)C)(C)C(=O)O
1738,CCCCCCCCCCCCC/C=C/[C@H]([C@H](CO[C@H]1[C@@H]([C@H]([C@H]([C@H](O1)CO)O)OS(=O)(=O)O)O)NC(=O)CCCCCCCCCCCCC/C=C\CCCCCCCC)O
1739,C1=CC=C(C=C1)CC(=O)C(=O)O
1740,CC(C)C[C@H](CC(=O)NO)C(=O)N[C@@H](CC1=CNC2=CC=CC=C21)C(=O)NC
1741,C1=CC2=C(C=C1O)C(=CN2)CC(C(=O)O)N
1742,CC(C)(C)CC(C)(C)C1=CC=C(C=C1)OCCO
1743,CN(C)C(=NCCC[C@@H](C(=O)O)N)N
1744,C1=CC2=C(C(=C1)C(=O)O)OC3=C2C=CC=C3C(=O)O
1745,CN1CCC(=CC1)C2=CC=CC=C2
1746,CC(C)CCN
1747,CC1=C(C(=NO1)C2=CC=CC=C2Cl)C(=O)N[C@H]3[C@@H]4N(C3=O)[C@H](C(S4)(C)C)C(=O)O
1748,C1C(N(C2=C(N1)NC(=NC2=O)N)C=O)CNC3=CC=C(C=C3)C(=O)NC(CCC(=O)O)C(=O)O
1749,C1=CC(=C(C(=C1)Cl)O)Cl
1750,CC1=[N+](C2=CC=CC=C2C(=C1)N)CCCCCCCCCC[N+]3=C(C=C(C4=CC=CC=C43)N)C
1751,CC[C@H](CO)NC1=NC2=C(C(=N1)NCC3=CC=C(C=C3)C4=CC=CC=N4)N=CN2C(C)C
1752,C1=C(C(=CC(=C1Cl)O)Cl)O
1753,C(CC(=O)N)C(=O)C(=O)O
1754,C1CN(CCN1CCOCCO)C(C2=CC=CC=C2)C3=CC=C(C=C3)Cl
1755,CCCN
1756,C1=CC(=CC(=C1)O)CO
1757,[SH-].[K+].[K+]
1758,CP(=O)(O)O
1759,CCC1=C(C(=NC(=N1)N)N)C#CCC2=C(C=CC(=C2)OC)OC
1760,C1OC2=C(O1)C(=C(C=C2)Cl)NC3=NC(=NC=C3)NC4=CC=CC(=C4)C(=O)N
1761,CC[N+]1=C(C(=C(C(=C1C)C(=O)OC(C)C)C2=CC=CC=C2Cl)C(=O)O)C(=O)O
1762,C1=CC=C2C(=C1)NC=N2
1763,C(C=O)C(C(CO)O)O
1764,CC(C)(C)C1=CC=C(C=C1)SC2=CC=CC3=C2C(=NC(=N3)N)N
1765,CCCCC
1766,CC(=O)CCO
